TransactionID,SaleDate,CustomerID,ProductID,StoreID,CampaignID,SaleAmount,SalesTaxPercentage,ShiftDuringWhichSaleTookPlace
1,2025-01-09,1020,2023,401,0,643.02,7.5,Evening
2,2024-07-10,1034,2091,404,2,529.24,8.6,Afternoon
3,2025-03-22,1087,2035,403,3,4313.72,8.6,Morning
4,2024-12-27,1186,2015,404,,1275.85,7.6,Evening
5,2025-04-21,1049,2005,402,0,1739.64,9.6,Evening
6,2024-10-30,1093,2054,402,0,1270.12,7.2,Morning
7,2025-02-20,1005,2097,402,0,644.45,7.5,Evening
8,2024-10-05,1054,2072,403,3,1833.37,8.7,Afternoon
9,2024-11-22,1063,2068,403,3,828.83,9.8,Evening
10,2024-08-30,1130,2096,401,1,1594.55,7.8,Morning
11,2024-11-11,1005,2059,403,0,273.38,8.6,Morning
12,2025-04-21,1196,2014,403,3,0.0,6.8,Afternoon
13,2025-02-16,1128,2064,401,2,1039.94,9.8,Evening
14,2024-08-22,1041,2099,401,3,1861.74,8.9,Evening
15,2025-04-19,1078,2035,401,3,4900.93,9.8,Afternoon
16,2024-12-11,1032,2021,403,3,1861.38,7.7,Evening
17,2025-03-02,1182,2040,404,3,41.46,7.9,Evening
18,2024-10-14,1058,2000,401,0,1815.57,8.9,Morning
19,2025-04-12,1071,2091,402,3,2628.38,7.9,Evening
20,2024-11-07,1005,2052,404,0,1969.12,6.9,Morning
21,2024-07-12,1086,2013,402,3,1325.7,8.7,Evening
22,2024-11-22,1019,2070,401,,127.04,8.7,Morning
23,2025-05-21,1060,2091,404,3,1240.87,9.5,Evening
24,2024-06-01,1116,2097,404,2,763.17,9.6,Afternoon
25,2025-02-22,1089,2039,404,1,2785.23,7.6,Evening
26,2025-04-09,1066,2030,404,1,127.5,8.1,Evening
27,2024-07-05,1144,2033,402,2,821.78,9.4,Morning
28,2025-01-24,1080,2009,401,0,39.84,7.5,Evening
29,2024-09-17,1017,2047,403,2,1975.1,9.4,Morning
30,2025-01-16,1020,2013,402,0,1199.52,9.6,Evening
31,2024-09-23,1089,2041,404,0,2406.09,8.6,Evening
32,2024-09-21,1116,2033,402,3,268.15,8.7,Evening
33,2025-05-13,1038,2047,402,0,1803.01,9.7,Evening
34,2025-03-19,1091,2035,401,3,3872.65,7.2,Afternoon
35,2025-05-06,1116,2022,404,,697.76,9.2,Morning
36,2025-05-08,1188,2034,402,0,125.51,7.3,Evening
37,2024-11-25,1032,2029,402,,55.96,9.1,Morning
38,2025-04-13,1071,2065,404,2,274.92,9.3,Morning
39,2025-05-22,1020,2039,404,2,4929.06,7.3,Evening
40,2024-07-19,1048,2079,401,1,814.88,9.3,Afternoon
41,2025-01-21,1080,2015,403,3,1409.56,7.2,Evening
42,2024-12-15,1005,2022,403,0,459.86,9.2,Afternoon
43,2025-03-15,1082,2056,402,1,603.38,8.2,Morning
44,2025-01-21,1023,2096,402,1,337.34,9.3,Evening
45,2024-06-21,1156,2009,404,1,63.76,9.3,Morning
46,2024-11-05,1034,2098,401,1,1918.03,9.3,Evening
47,2024-12-07,1071,2015,404,3,1976.39,8.3,Afternoon
48,2024-12-26,1113,2092,404,3,1500.13,6.3,Evening
49,2024-11-26,1063,2035,404,2,3710.95,5.4,Evening
50,2024-09-05,1138,2023,402,1,789.03,8.4,Morning
51,2024-11-07,1106,2079,404,0,3945.18,6.4,Morning
52,2024-10-30,1089,2079,404,1,1728.21,7.4,Evening
53,2024-11-29,1171,2051,402,1,1091.54,7.4,Evening
54,2025-04-29,1169,2079,402,1,2205.97,8.4,Evening
55,2024-08-27,1194,2035,404,0,3870.61,7.4,Afternoon
56,2024-06-22,1057,2099,401,1,89.74,7.1,Evening
57,2024-08-03,1066,2027,404,2,1234.13,8.1,Morning
58,2025-02-28,1116,2013,401,3,3717.57,8.1,Morning
59,2024-07-03,1160,2041,401,0,2427.7,6.1,Morning
60,2024-10-26,1087,2079,404,2,4229.18,8.1,Evening
61,2025-02-09,1187,2083,403,3,1660.18,7.1,Afternoon
62,2024-12-25,1062,2011,403,1,1161.21,8.1,Evening
63,2025-01-23,1126,2023,404,2,4461.44,7.1,Morning
64,2025-02-07,1002,2024,401,3,1528.42,8.1,Morning
65,2025-02-02,1125,2002,401,3,647.1,9.2,Morning
66,2024-12-21,1135,2070,403,3,45.2,6.2,Morning
67,2024-07-20,1066,2097,402,3,3153.14,7.2,Morning
68,2025-03-05,1025,2037,402,2,1091.56,7.2,Morning
69,2024-09-20,1141,2023,404,0,2612.29,7.2,Evening
70,2024-11-16,1034,2091,401,3,3096.6,7.2,Afternoon
71,2025-01-31,1020,2035,401,3,4058.33,9.2,Afternoon
72,2024-09-01,1115,2038,404,0,1493.17,9.2,Evening
73,2025-05-14,1071,2019,402,0,2338.33,9.2,Afternoon
74,2025-02-01,1008,2041,404,,1690.5,9.2,Evening
75,2025-03-16,1050,2069,402,2,189.25,9.2,Evening
76,2024-08-09,1191,2036,404,2,1888.22,9.2,Evening
77,2024-12-03,1020,2055,403,0,1925.73,9.2,Afternoon
78,2025-04-03,1005,2086,403,1,1320.44,9.1,Evening
79,2025-05-02,1005,2062,401,3,1356.76,9.1,Evening
80,2025-04-11,1177,2084,404,0,663.31,7.1,Morning
81,2024-10-09,1103,2000,404,1,1264.14,7.1,Morning
82,2024-12-02,1013,2097,402,3,2681.2,7.1,Morning
83,2024-06-13,1061,2039,401,0,4286.33,6.1,Evening
84,2024-07-18,1165,2063,403,2,990.87,7.1,Evening
85,2024-11-25,1037,2076,402,2,1716.1,9.1,Evening
86,2024-10-15,1068,2036,403,3,920.77,7.1,Morning
87,2024-11-29,1195,2058,403,1,505.45,8.1,Morning
88,2025-03-11,1032,2048,404,1,122.19,8.1,Morning
89,2024-12-03,1025,2056,401,3,331.1,8.1,Evening
90,2025-04-16,1019,2033,403,3,1710.94,7.1,Afternoon
91,2025-04-09,1097,2080,404,0,507.8,7.1,Afternoon
92,2025-01-31,1058,2055,401,0,1403.3,7.,Afternoon
93,2025-04-28,1034,2054,404,3,4066.34,7.1,Evening
94,2024-08-10,1005,2030,404,1,1293.91,7.1,Morning
95,2024-11-22,1119,2086,402,,1975.92,7.1,Morning
96,2024-09-30,1176,2041,402,3,2216.14,7.1,Morning
97,2024-10-22,1179,2079,403,,4002.4,7.1,Morning
98,2025-05-23,1190,2036,402,2,420.76,7.1,Morning
99,2024-09-11,1196,2017,401,0,909.61,7.1,Morning
100,2024-12-21,1023,2041,404,1,4444.07,8.1,Evening
101,2024-10-25,1069,2032,404,2,710.49,7.1,Afternoon
102,2024-07-19,1036,2028,404,2,819.42,8.1,Afternoon
103,2024-09-16,1089,2086,403,2,505.95,8.1,Evening
104,2024-06-11,1143,2070,402,3,52.31,8.1,Morning
105,2024-11-07,1034,2046,401,1,61.94,8.1,Morning
106,2025-05-15,1138,2095,402,0,1250.52,9.1,Evening
107,2025-05-10,1176,2056,404,2,1387.08,9.1,Afternoon
108,2024-12-13,1091,2041,402,3,1454.48,9.1,Afternoon
109,2025-01-09,1012,2031,402,1,1542.06,9.1,Evening
110,2024-08-24,1071,2029,401,1,85.63,9.1,Morning
111,2025-03-20,1034,2054,402,0,735.8,9.1,Morning
112,2025-02-25,1190,2091,403,0,1496.97,9.1,Morning
113,2024-12-30,1168,2058,401,,833.15,9.1,Morning
114,2025-01-31,1113,2019,403,0,3309.43,8.2,Evening
115,2024-12-23,1097,2067,403,3,1418.47,8.2,Afternoon
116,2025-04-09,1196,2027,404,1,1663.47,8.2,Afternoon
117,2024-11-04,1080,2085,403,1,974.82,9.2,Afternoon
118,2024-07-09,1005,2054,402,2,2348.64,9.2,Evening
119,2025-04-17,1108,2092,401,2,1176.94,9.2,Morning
120,2024-08-27,1057,2044,403,2,1624.08,9.2,Morning
121,2025-04-06,1159,2082,401,2,582.88,7.2,Afternoon
122,2025-03-06,1089,2023,404,,4873.15,7.2,Evening
123,2024-07-09,1096,2043,402,2,1156.81,7.2,Morning
124,2024-07-06,1116,2006,401,3,911.99,7.2,Morning
125,2024-09-20,1029,2009,403,3,53.18,7.2,Morning
126,2024-08-30,1014,2041,402,2,1039.93,8.1,Evening
127,2024-12-02,1033,2090,402,2,1730.44,8.1,Morning
128,2024-06-19,1066,2073,404,3,839.81,8.1,Morning
129,2025-05-20,1032,2046,401,0,92.44,8.1,Morning
130,2024-12-08,1079,2028,403,0,272.35,8.1,Evening
131,2024-12-06,1089,2082,402,1,388.32,8.1,Morning
132,2024-08-03,1019,2091,404,3,4469.22,8.1,Morning
133,2025-01-11,1082,2080,403,0,1281.2,8.1,Evening
134,2025-03-19,1090,2039,404,0,1791.85,8.1,Morning
135,2025-01-11,1023,2064,404,0,1629.14,8.1,Morning
136,2025-01-15,1121,2007,404,2,214.44,8.1,Evening
137,2025-01-12,1032,2067,402,2,1560.21,7.1,Morning
138,2025-01-28,1089,2019,404,1,3122.33,7.2,Morning
139,2024-07-29,1167,2050,402,0,784.52,7.2,Evening
140,2025-03-17,1171,2094,401,3,85.55,7.2,Evening
141,2024-10-04,1087,2062,402,1,626.79,7.2v,Afternoon
142,2025-03-15,1138,2067,401,1,350.79,7.2,Evening
143,2024-08-15,1159,2021,404,,1453.19,7.2,Evening
144,2025-05-22,1192,2057,402,2,1579.52,7.2,Evening
145,2025-04-28,1032,2036,404,3,1642.94,7.2,Evening
146,2025-03-21,1020,2091,403,0,2821.59,7.2,Evening
147,2024-07-22,1116,2097,402,0,1499.17,7.2,Evening
148,2024-11-19,1006,2050,403,0,104.97,7.2,Evening
149,2025-05-08,1166,2029,402,,76.14,7.3,Afternoon
150,2025-04-01,1120,2000,401,,341.56,9.1,Afternoon
151,2025-05-10,1108,2041,402,0,3375.28,9.1,Afternoon
152,2025-01-02,1032,2002,402,2,1248.88,9.1,Afternoon
153,2024-09-07,1170,2067,403,,1039.29,9.1,Evening
154,2025-05-28,1099,2005,404,2,746.33,9.1,Evening
155,2024-06-29,1066,2094,403,2,1636.34,9.1,Evening
156,2024-08-12,1118,2061,402,0,1890.03,9.1,Afternoon
157,2024-06-16,1071,2040,403,3,115.46,9.1,Afternoon
158,2024-08-18,1199,2054,403,2,2300.1,8.1,Evening
159,2024-11-16,1086,2063,404,2,1467.81,8.1,Afternoon
160,2024-07-04,1046,2041,401,2,3211.8,8.2,Evening
161,2024-11-12,1089,2093,403,3,1961.05,8.2,Evening
162,2025-05-14,1005,2095,402,1,1372.27,8.2,Evening
163,2024-11-16,1071,2046,403,0,105.07,8.2,Afternoon
164,2025-05-14,1195,2023,403,2,1010.52,8.2,Evening
165,2025-02-22,1099,2015,403,3,1243.16,6.2,Evening
166,2025-02-04,1051,2019,404,3,4147.31,6.2,Evening
167,2025-05-21,1170,2009,403,1,139.83,6.2,Evening
168,2025-01-09,1130,2035,402,3,2993.1,6.2,Evening
169,2024-10-26,1141,2019,401,3,3961.24,6.3,Evening
170,2025-03-29,1089,2057,404,2,1666.65,6.3,Evening
171,2024-12-14,1196,2055,401,1,365.84,6.3,Afternoon
172,2025-05-09,1020,2032,402,2,640.51,6.2,Afternoon
173,2024-12-11,1043,2074,402,2,1149.06,6.2,Evening
174,2025-03-29,1034,2098,403,3,109.06,7.2,Morning
175,2025-04-23,1164,2061,402,3,192.3,8.2,Morning
176,2024-06-26,1123,2043,402,2,1728.52,7.3,Morning
177,2025-05-23,1089,2013,403,0,1615.63,7.3,Morning
178,2024-07-12,1098,2053,402,1,1870.82,7.3,Evening
179,2025-02-15,1116,2065,404,2,225.6,7.3,Evening
180,2024-11-02,1061,2054,401,,4470.53,7.3,Evening
181,2025-01-16,1137,2019,404,2,3937.36,7.3,Afternoon
182,2024-10-25,1145,2046,403,,117.02,7.3,Evening
183,2024-09-22,1174,2016,401,2,762.93,7.3,Evening
184,2024-07-31,1102,2005,401,2,1062.7,7.3,Afternoon
185,2024-08-02,1035,2070,403,2,81.02,7.3,Evening
186,2024-12-05,1144,2013,403,0,3126.66,7.2,Afternoon
187,2025-03-19,1176,2076,404,1,1187.87,7.2,Evening
188,2024-08-10,1158,2048,402,1,1899.0,8.2,Evening
189,2024-07-17,1089,2052,402,3,1484.88,8.2,Afternoon
190,2024-06-27,1071,2084,404,2,946.34,8.2,Afternoon
191,2024-12-11,1173,2092,403,1,594.06,8.2,Evening,
192,2024-09-29,1076,2090,402,3,730.17,8.2,Evening
193,2025-05-09,1070,2039,404,3,4795.74,8.2,Afternoon
194,2025-03-22,1073,2010,403,2,467.27,8.2,Evening
195,2025-03-31,1143,2017,401,1,1356.18,8.2,Afternoon
196,2024-12-10,1013,2054,404,1,0.0,8.2,Evening
197,2024-12-14,1104,2060,404,2,1309.5,9.1,Evening
198,2025-04-30,1071,2092,401,1,1683.33,9.1,Evening,
199,2025-05-09,1005,2023,403,0,3212.52,9.1,Evening
200,2025-05-07,1116,2069,404,1,962.64,9.1,Afternoon
201,2024-08-19,1116,2082,403,0,1592.0,9.1,Evening
202,2024-12-19,1044,2081,404,2,1355.05,9.2,Evening
203,2024-08-16,1089,2000,403,3,1910.37,9.2,Evening
204,2024-10-01,1002,2054,402,,1880.63,9.2,Evening
205,2024-11-07,1180,2088,401,2,480.66,9.2,Evening
206,2025-05-17,1116,2077,403,3,1613.89,9.2,Evening
207,2025-03-29,1174,2010,404,2,1150.13,9.2,Evening
208,2024-06-27,1129,2097,402,3,1424.31,9.2,Evening
209,2024-12-22,1032,2058,402,3,1139.65,7.2,Morning
210,2025-01-25,1005,2000,402,0,1415.75,7.2,Morning
211,2024-12-13,1066,2060,401,1,1543.36,7.2,Evening
212,2025-05-24,1107,2048,404,3,1381.32,7.1,Evening
213,2025-01-19,1167,2015,402,3,1469.32,7.1,Evening
214,2024-08-31,1034,2059,404,1,725.01,7.1,Evening
215,2024-09-21,1185,2004,404,0,181.22,7.1,Evening
216,2024-12-25,1172,2006,402,3,1102.53,6.1,Evening
217,2025-03-02,1035,2037,402,2,1556.45,6.1,Evening
218,2025-03-28,1116,2066,402,2,1899.61,6.1,Afternoon
219,2025-04-19,1160,2071,404,,1304.47,6.1,Afternoon
220,2024-10-31,1178,2019,403,3,1514.05,6.1,Evening
221,2025-04-11,1032,2071,404,1,547.24,6.1,Evening
222,2024-10-11,1032,2011,402,,1229.69,6.1,Evening
223,2024-06-17,1071,2042,403,0,420.55,6.1,Evening
224,2025-02-25,1193,2031,402,1,1562.25,7.1,Afternoon
225,2024-10-30,1091,2040,404,3,54.83,7.1,Afternoon
226,2024-08-23,1011,2028,402,,1188.86,7.1,Evening
227,2025-02-15,1050,2046,402,2,125.02,7.1,Evening
228,2025-05-20,1125,2093,403,3,1784.26,7.1,Evening
229,2025-05-29,1134,2019,401,3,3338.16,9.1,Evening
230,2024-06-29,1071,2047,401,3,80.68,9.1,Evening
231,2024-12-11,1004,2035,403,,3533.15,9.1,Afternoon
232,2025-03-22,1027,2067,402,2,571.28,9.1,Evening
233,2024-11-04,1103,2031,402,0,1723.53,9.1,Evening
234,2025-03-05,1005,2060,401,1,1698.39,9.3,Evening
235,2025-01-11,1024,2005,402,3,1852.11,9.3,Evening
236,2025-01-31,1139,2004,402,2,453.96,9.3,Afternoon
237,2024-07-31,1101,2038,402,3,1104.1,9.3,Evening
238,2024-11-01,1176,2064,403,,1685.42,9.3,Evening
239,2024-10-15,1152,2099,403,,1985.54,7.3,Evening
240,2024-11-30,1096,2087,404,2,1440.56,7.3,Evening
241,2024-07-05,1116,2040,403,0,72.26,7.3,Evening
242,2025-03-05,1066,2091,404,0,918.79,7.3,Evening
243,2024-12-26,1098,2079,404,1,1263.12,7.3,Evening
244,2024-10-30,1020,2023,401,2,2679.04,7.3,Evening
245,2024-07-03,1063,2063,402,1,1900.21,7.3,Evening
246,2024-10-12,1084,2055,402,1,396.39,7.3,Evening
247,2024-11-04,1188,2062,402,2,816.22,7.3,Evening
248,2024-07-19,1151,2023,401,3,1443.42,7.3,Evening
249,2025-03-19,1017,2052,404,2,1334.39,9.2,Afternoon
250,2025-02-14,1018,2076,404,3,1591.91,9.2,Afternoon
251,2024-10-22,1137,2010,401,2,1244.72,9.2,Evening
252,2024-12-18,1165,2096,403,3,242.28,9.2,Evening
253,2024-08-31,1142,2073,402,3,1375.13,9.2,Afternoon
254,2025-02-01,1034,2037,404,0,1884.32,9.2,Morning
255,2024-07-29,1116,2066,404,0,1408.69,9.2,Morning
256,2024-10-07,1181,2054,401,1,3832.2,9.2,Morning
257,2024-12-06,1084,2059,402,1,1331.75,9.2,Evening
258,2024-11-03,1050,2054,404,,1752.55,9.1,Evening
259,2025-02-08,1147,2097,402,1,1680.59,9.1,Evening
260,2025-04-12,1163,2046,404,2,74.1,9.1,Evening
261,2024-08-10,1076,2075,401,2,645.49,8.1,Evening
262,2024-08-16,1130,2076,402,3,1289.23,8.1,Evening
263,2025-02-03,1044,2062,403,2,1257.85,8.1,Evening
264,2025-04-14,1124,2079,404,3,4279.51,8.1,Evening
265,2024-11-30,1034,2028,403,,612.91,8.1,Evening
266,2025-03-13,1197,2070,401,2,125.26,8.2,Evening
267,2024-10-25,1010,2056,402,0,1324.66,8.2,Evening
268,2024-09-10,1008,2044,401,0,512.04,8.2,Evening
269,2025-03-24,1089,2078,404,1,1636.38,8.2,Evening
270,2025-03-22,1136,2097,402,2,1703.04,8.2,Evening
271,2025-04-11,1173,2017,404,2,297.43,8.2,Evening
272,2025-04-14,1089,2097,404,2,2188.28,8.2,Afternoon
273,2024-07-03,1196,2097,403,2,2696.2,8.2,Afternoon
274,2024-12-21,1187,2091,403,3,2433.39,8.2,Evening
275,2024-08-27,1072,2070,402,3,135.18,8.2,Evening
276,2025-03-06,1032,2023,404,3,3598.66,8.2,Evening
277,2024-07-26,1040,2035,401,2,3490.29,8.2,Evening
278,2025-01-13,1020,2096,402,0,52.12,8.2,Evening
279,2024-11-27,1071,2056,401,,285.16,8.2,Evening
280,2025-04-12,1122,2079,401,0,2154.03,8.2,Afternoon
281,2024-09-30,1192,2082,402,,1240.12,8.2,Afternoon
282,2024-08-08,1054,2019,404,3,890.1,8.2,Afternoon
283,2024-07-13,1150,2044,404,1,1307.01,8.2,Afternoon
284,2024-09-10,1184,2099,401,2,1233.51,8.2,Evening
285,2024-08-17,1165,2035,404,1,3172.68,7.2,Evening
286,2024-12-09,1092,2016,404,3,1381.74,7.2,Evening
287,2025-03-06,1197,2039,401,,4651.61,7.2,Evening
288,2025-05-14,1073,2064,404,3,1096.3,7.2,Evening
289,2024-12-30,1079,2035,402,3,3934.51,7.2,Evening
290,2025-01-14,1079,2093,402,,897.24,7.1,Afternoon
291,2024-11-20,1079,2084,402,1,369.47,7.1,Afternoon
292,2025-05-16,1184,2054,402,2,1031.26,7.1,Evening
293,2025-04-26,1109,2019,403,0,2798.52,7.1,Evening
294,2024-06-24,1042,2032,401,0,1042.21,7.1,Evening
295,2024-06-20,1062,2054,404,1,4358.68,7.4,Evening
296,2024-12-15,1189,2028,403,2,201.88,7.4,Evening
297,2024-10-26,1013,2097,401,0,4397.15,7.4,Evening
298,2025-03-10,1022,2001,403,2,523.04,7.4,Evening
299,2024-10-25,1197,2093,402,3,1106.01,7.4,Morning
300,2025-01-08,1002,2000,404,2,1083.14,7.4,Morning
301,2024-09-06,1015,2018,403,1,1063.53,7.4,Morning
302,2025-02-07,1191,2019,402,3,3055.19,7.4,Morning
303,2024-11-15,1060,2054,404,2,1723.8,7.4,Morning
304,2024-07-02,1066,2023,404,3,2112.29,7.6,Morning
305,2025-03-08,1118,2019,401,2,3635.95,6.6,Evening
306,2024-06-18,1083,2035,403,0,1670.75,6.6,Evening
307,2025-05-29,1005,2071,402,0,322.6,6.6,Evening
308,2024-06-06,1056,2079,403,0,1664.69,8.5,Evening
309,2025-03-25,1066,2091,402,2,4740.26,8.5,Evening
310,2024-06-22,1110,2050,404,,386.97,8.5,Evening
311,2024-08-28,1020,2019,401,1,2745.01,8.5,Evening
312,2025-04-20,1022,2023,404,1,4109.76,8.5,Evening
313,2025-03-18,1182,2069,404,2,400.64,8.5,Evening
314,2024-10-07,1020,2091,403,1,950.6,8.5,Afternoon
315,2025-01-17,1188,2035,404,1,3166.34,8.5,Afternoon
316,2025-03-22,1151,2054,402,1,4146.81,8.5,Afternoon
317,2025-05-22,1044,2011,401,1,982.08,8.5,Afternoon
318,2024-10-12,1033,2029,403,,108.66,8.5,Evening
319,2024-07-29,1089,2047,404,2,316.08,8.5,Evening
320,2024-08-05,1163,2083,403,2,1198.45,8.5,Evening
321,2024-08-12,1176,2023,401,3,3968.74,8.5,Evening
322,2024-12-19,1089,2078,402,0,324.25,8.5,Evening
323,2025-02-27,1089,2019,403,2,3619.29,8.5,Evening
324,2024-10-19,1184,2079,404,1,2718.87,8.7,Evening
325,2024-10-29,1025,2073,402,0,115.15,8.7,Evening
326,2024-06-08,1026,2023,404,0,4541.56,8.7,Afternoon
327,2024-07-10,1157,2090,401,1,896.69,8.7,Evening
328,2024-06-23,1048,2070,403,2,16.95,8.7,Morning
329,2024-12-20,1039,2013,404,3,615.81,9.7,Morning
330,2024-08-10,1020,2014,403,3,1339.03,9.7,Morning
331,2024-07-09,1047,2048,403,0,956.86,9.7,Morning
332,2024-09-01,1015,2019,401,3,3153.77,9.2,Evening
333,2024-12-15,1133,2068,404,1,203.96,9.2,Evening
334,2025-04-27,1128,2066,402,3,1969.52,9.2,Evening
335,2025-05-23,1032,2019,404,1,1660.49,9.2v,Afternoon
336,2025-05-01,1017,2097,404,2,4627.23,9.4,Evening
337,2024-06-06,1150,2053,401,1,1186.22,9.4,Evening
338,2025-05-20,1066,2012,403,2,565.07,9.4,Afternoon
339,2025-01-17,1121,2041,404,3,4503.08,7.4,Evening
340,2024-10-12,1032,2047,401,2,1693.55,7.3,Afternoon
341,2025-04-11,1058,2091,403,3,901.79,7.3,Afternoon
342,2024-11-16,1104,2097,403,1,3693.06,7.3,Afternoon
343,2024-11-06,1134,2003,402,1,536.51,7.3,Evening
344,2024-11-21,1180,2054,404,0,1588.72,7.3,Morning
345,2024-11-30,1121,2044,403,2,1393.26,7.3,Morning
346,2024-09-24,1041,2099,402,1,574.71,7.3,Morning
347,2024-11-08,1034,2016,402,0,1236.27,7.3,Evening
348,2025-05-12,1181,2054,404,3,2600.14,7.3,Afternoon
349,2025-01-27,1101,2000,403,2,260.8,7.3,Afternoon
350,2024-06-28,1163,2040,403,2,82.42,7.6,Evening
351,2024-09-07,1005,2087,402,3,555.88,7.6,Afternoon
352,2024-11-09,1009,2073,402,1,1294.71,7.6,Evening
353,2024-11-26,1091,2021,402,3,554.37,7.6,Evening
354,2025-03-23,1046,2042,401,1,648.82,7.4,Afternoon
355,2025-03-15,1066,2059,401,0,429.36,7.4,Afternoon
356,2024-07-20,1135,2013,402,1,4942.36,8.4v,Afternoon
357,2025-04-24,1036,2029,401,1,18.12,8.4,Evening
358,2024-11-20,1116,2020,404,0,895.74,8.4,Evening
359,2024-11-13,1122,2004,402,0,1525.85,8.4,Evening
360,2024-12-10,1034,2031,402,2,250.28,8.4,Morning
361,2024-12-04,1016,2038,403,2,1389.22,8.3,Morning
362,2024-07-26,1125,2024,402,3,487.43,8.3,Morning
363,2025-05-27,1034,2021,401,0,1298.63,8.3,Evening
364,2025-03-08,1152,2084,401,0,275.79,8.3,Afternoon
365,2024-11-17,1020,2019,402,0,3477.49,8.3,Afternoon
366,2025-01-20,1155,2053,401,0,1580.28,8.2,Afternoon
367,2024-12-02,1199,2097,402,3,677.33,8.2,Afternoon
368,2024-12-02,1032,2009,401,0,103.66,8.2,Evening
369,2024-08-02,1066,2012,403,3,627.24,8.2,Morning
370,2024-11-23,1116,2037,403,2,276.01,8.2,Morning
371,2025-04-09,1002,2084,402,3,573.2,9.2,Morning
372,2025-02-21,1087,2079,404,2,3604.56,9.2,Morning
373,2024-11-27,1042,2013,402,3,3552.77,9.2,Evening
374,2024-08-15,1091,2087,402,3,852.0,9.2,Evening
375,2024-06-20,1080,2097,402,2,3597.09,9.2,Evening
376,2024-12-31,1186,2054,404,0,4704.67,9.2,Evening
377,2024-12-04,1126,2009,404,2,17.05,9.1,Evening
378,2024-08-31,1103,2010,404,3,1021.99,9.1,Afternoon
379,2024-10-05,1190,2013,404,0,4063.02,9.1,Evening
380,2025-05-19,1130,2083,404,2,1642.35,9.1,Evening
381,2025-04-05,1196,2060,403,0,1334.87,9.1,Evening
382,2024-06-01,1162,2037,403,0,1010.22,9.1,Afternoon
383,2025-03-28,1104,2039,402,3,4210.49,9.2,Afternoon
384,2024-08-18,1193,2081,401,3,1199.17,9.2,Evening
385,2024-12-04,1001,2006,404,3,1573.11,9.2,Evening
386,2025-05-01,1044,2016,401,2,800.09,9.2,Evening
387,2025-05-24,1195,2079,403,3,1121.81,8.2,Afternoon
388,2024-12-27,1131,2097,403,1,3308.75,8.2,Afternoon
389,2024-09-27,1172,2023,403,2,3122.63,8.2,Evening
390,2025-05-12,1172,2068,403,3,1069.32,8.2,Evening
391,2024-06-11,1034,2023,403,1,3607.68,8.2,Evening
392,2024-09-28,1008,2057,401,1,1144.48,8.2,Evening
393,2024-09-06,1178,2013,404,2,742.11,8.2,Afternoon
394,2025-02-26,1032,2081,403,1,1930.37,8.2,Evening
395,2024-09-28,1066,2023,401,3,1689.08,8.2,Afternoon
396,2024-08-06,1001,2029,401,2,118.31,8.2,Afternoon
397,2025-01-03,1077,2073,403,,1074.52,8.2,Evening
398,2025-05-17,1129,2097,404,1,3485.01,8.2,Afternoon
399,2024-10-12,1192,2060,401,2,1813.77,8.2,Evening
400,2024-12-29,1010,2041,404,0,2931.07,8.2,Evening
401,2024-09-23,1197,2065,404,2,425.4,8.2,Evening
402,2024-12-06,1042,2098,401,1,1558.49,7.2,Evening
403,2025-04-13,1026,2079,401,1,3725.91,7.2,Afternoon
404,2024-06-16,1116,2071,401,1,844.88,7.2,Evening
405,2024-11-19,1080,2019,401,0,3135.24,7.2,Evening
406,2025-02-07,1066,2041,401,3,4199.557.1,,Evening
407,2024-06-14,1071,2079,403,1,4491.4,7.1,Evening
408,2025-05-20,1165,2001,402,0,818.46,7.1,Evening
409,2024-12-14,1071,2092,403,1,480.54,7.1,Evening
410,2025-04-03,1116,2072,401,3,192.63,7.5,Evening
411,2025-01-24,1050,2062,403,1,1258.06,7.5,Evening
412,2025-04-26,1115,2040,402,2,144.21,7.5,Afternoon
413,2024-08-09,1056,2082,404,2,1479.3,7.5,Evening
414,2025-04-18,1091,2062,401,0,1724.49,7.5,Afternoon
415,2024-07-28,1067,2080,401,0,1281.67,7.3,Afternoon
416,2025-03-25,1196,2004,403,3,339.83,7.3,Afternoon
417,2024-11-02,1150,2037,402,0,1029.23,7.3,Afternoon
418,2025-01-20,1157,2096,402,1,1153.33,7.3,Evening
419,2025-04-17,1032,2005,402,1,770.4,7.3,Evening
420,2024-06-19,1089,2058,401,,251.29,7.3,Evening
421,2025-05-21,1070,2033,402,3,1324.01,7.3,Evening
422,2025-04-03,1096,2028,404,2,990.11,6.2,Afternoon
423,2024-12-27,1035,2029,401,2,36.17,6.2,Afternoon
424,2024-10-24,1030,2053,403,3,984.09,6.2,Afternoon
425,2024-12-24,1105,2013,402,1,2806.89,6.2,Afternoon
426,2025-04-23,1116,2023,404,0,3775.88,6.2,Evening
427,2025-03-28,1055,2060,404,3,1599.5,6.2,Afternoon
428,2025-03-28,1020,2054,404,0,2234.58,6.2,Afternoon
429,2024-07-16,1005,2077,401,0,1086.29,6.2,Evening
430,2025-03-01,1116,2069,401,3,772.24,6.2,Evening
431,2024-06-19,1058,2061,404,0,546.31,6.2,Evening
432,2025-03-07,1021,2097,404,0,4052.4,6.2,Evening
433,2024-12-21,1034,2026,403,0,1320.57,6.2,Evening
434,2024-09-13,1108,2078,403,3,855.79,6.2,Afternoon
435,2025-03-14,1094,2061,403,2,826.35,6.2,Afternoon
436,2024-07-27,1030,2057,402,3,1611.66,7.2,Afternoon
437,2024-12-29,1013,2013,401,3,2459.2,7.2,Evening
438,2024-06-28,1066,2092,404,3,1065.96,7.2,Evening
439,2025-02-12,1198,2081,404,1,1864.98,7.2,Afternoon
440,2024-12-07,1071,2086,401,0,219.34,7.2,Evening
441,2024-09-21,1171,2075,402,0,1121.71,7.2,Evening
442,2025-02-18,1149,2040,402,1,66.55,7.2,Evening
443,2024-06-02,1066,2064,403,0,1915.58,7.2,Evening
444,2025-04-18,1147,2091,404,1,4825.57,7.2,Evening
445,2024-11-22,1150,2061,401,3,1988.69,7.1,Evening
446,2025-01-26,1089,2045,401,2,231.37,7.1,Afternoon
447,2025-01-25,1019,2022,404,1,574.7,7.1,Afternoon
448,2025-05-14,1048,2025,402,2,445.39,7.1,Afternoon
449,2024-09-11,1039,2015,401,3,1540.28,7.1,Afternoon
450,2024-12-13,1032,2040,404,2,147.82,7.1,Afternoon
451,2025-05-02,1056,2016,401,3,1104.5,7.1,Afternoon
452,2024-12-03,1175,2058,401,3,66.42,7.1,Afternoon
453,2025-01-25,1025,2070,403,2,75.99,7.1,Afternoon
454,2024-12-29,1127,2053,403,3,400.78,7.1,Afternoon
455,2024-07-25,1058,2092,403,3,432.32,7.1,Afternoon
456,2025-03-20,1121,2022,404,2,635.07,7.1,Afternoon
457,2024-12-18,1101,2023,401,2,3334.38,7.,Afternoon
458,2024-11-19,1092,2071,403,3,1741.37,7.1,Evening
459,2025-05-19,1116,2036,403,3,921.51,7.2,Evening
460,2024-07-04,1118,2018,402,2,1244.0,7.2,Morning
461,2024-11-06,1020,2035,403,2,3224.23,9.2,Morning
462,2024-11-03,1199,2046,404,1,27.51,7.2,Morning
463,2024-09-05,1190,2010,402,0,1876.75,9.3,Morning
464,2024-11-25,1005,2010,401,1,1866.6,9.2,Morning
465,2024-11-02,1020,2016,402,1,1343.92,9.2,Morning
466,2025-04-12,1121,2069,403,1,1410.36,9.2,Morning
467,2024-08-13,1161,2072,404,2,989.22,9.2,Morning
468,2024-09-02,1020,2033,402,0,1528.67,9.1,Morning
469,2024-07-27,1136,2091,404,3,3186.52,9.1,Morning
470,2025-03-19,1048,2071,404,1,1309.68,9.1,Morning
471,2025-03-31,1066,2030,403,2,1714.29,9.1,Morning
472,2024-08-15,1163,2057,403,3,87.82,9.1,Morning
473,2024-06-22,1047,2036,403,3,503.98,9.1,Morning
474,2024-08-02,1087,2063,403,0,1694.92,9.1,Morning
475,2025-05-15,1005,2091,402,2,4227.13,9.1,Morning
476,2024-07-21,1063,2056,402,0,1483.88,9.2,Morning
477,2024-07-10,1053,2087,403,1,132.26,9.2,Morning
478,2025-05-10,1064,2038,402,0,474.69,9.2,Morning
479,2024-07-18,1083,2041,401,1,688.97,9.2,Evening
480,2025-03-14,1152,2019,402,0,2022.9,9.2,Evening
481,2025-05-22,1015,2023,401,1,3012.58,9.1,Evening
482,2025-01-11,1112,2002,404,1,127.0,9.1,Evening
483,2025-02-09,1138,2024,402,2,586.88,8.1,Evening
484,2025-04-01,1141,2097,402,2,2543.36,8.1,Afternoon
485,2025-03-11,1187,2013,403,1,785.04,8.1,Afternoon
486,2025-05-21,1048,2063,402,2,677.95,8.3,Afternoon
487,2024-07-11,1011,2016,402,1,423.65,8.3,Evening
488,2024-06-14,1099,2067,403,,1449.8,8.3,Afternoon
489,2024-06-06,1167,2010,404,0,1499.78,8.9,Evening
490,2025-04-23,1181,2039,403,0,850.71,8.9,Evening
491,2024-08-29,1025,2068,404,1,1897.63,8.9,Afternoon
492,2024-12-17,1191,2039,403,3,1250.64,8.9,Evening
493,2024-08-14,1086,2068,404,2,1993.86,8.9,Afternoon
494,2025-04-06,1162,2092,403,1,1122.97,8.9,Evening
495,2025-02-27,1115,2050,401,2,1059.34,8.5,Evening
496,2025-05-30,1076,2027,403,,1394.95,8.5,Evening
497,2024-09-21,1142,2073,402,3,319.9,8.5,Evening
498,2024-10-25,1059,2041,401,1,3756.11,8.3,Evening
499,2025-03-17,1066,2038,401,3,159.05,8.3,Afternoon
500,2025-03-08,1111,2015,402,0,1282.78,8.3,Evening
501,2024-06-23,1081,2019,403,1,3531.36,8.3,Evening
502,2025-05-31,1192,2064,401,2,338.62,8.3,Afternoon
503,2024-10-13,1190,2079,403,3,1086.69,8.3,Evening
504,2024-07-27,1124,2073,402,1,569.2,8.3,Evening
505,2024-11-14,1147,2079,404,1,3172.45,8.2,Evening
506,2024-06-11,1089,2056,402,1,778.95,8.2,Afternoon
507,2025-03-04,1028,2031,402,2,1402.9,8.2,Afternoon
508,2024-07-17,1005,2070,402,2,97.23,8.2,Afternoon
509,2025-05-30,1171,2039,401,0,4051.35,8.2,Afternoon
510,2024-12-31,1034,2041,403,0,4475.31,8.2,Afternoon
511,2024-11-01,1130,2012,403,0,1026.27,8.2,Afternoon
512,2024-11-22,1005,2097,403,3,582.68,8.2,Afternoon
513,2025-01-31,1077,2097,403,2,4506.81,8.3,Evening
514,2025-03-26,1020,2054,404,0,2843.23,9.3,Evening
515,2025-01-27,1175,2035,402,2,1981.78,9.3,Evening
516,2024-12-13,1116,2087,402,2,1802.35,9.3,Evening
517,2025-04-30,1197,2039,402,0,4277.85,9.3,Evening
518,2024-07-31,1089,2052,404,2,416.47,9.2,Afternoon
519,2024-07-26,1020,2078,402,1,750.56,9.2,Afternoon
520,2025-02-01,1128,2060,403,3,318.15,9.2,Afternoon
521,2024-08-19,1034,2052,402,1,178.97,9.2,Afternoon
522,2025-05-06,1157,2041,404,3,688.22,9.2,Afternoon
523,2025-02-22,1080,2095,401,3,1761.65,9.2,Afternoon
524,2025-04-18,1005,2005,404,0,907.13,9.2,Afternoon
525,2025-04-20,1073,2054,403,0,4566.54,9.2,Afternoon
526,2024-11-23,1023,2014,402,1,680.75,9.2,Afternoon
527,2024-06-11,1182,2058,401,1,290.91,9.2,Afternoon
528,2024-07-19,1092,2079,402,3,1268.98,9.2,Afternoon
529,2024-10-13,1038,2023,402,0,1892.83,9.1,Evening
530,2025-03-08,1160,2023,402,,554.93,9.1,Evening
531,2024-12-02,1001,2063,402,3,911.66,9.1,Evening
532,2024-12-27,1020,2071,402,,1323.89,9.1,Afternoon
533,2024-06-16,1170,2077,403,0,863.07,9.1,Afternoon
534,2024-08-13,1156,2089,402,2,231.6,9.1,Afternoon
535,2024-09-30,1097,2097,404,0,1105.46,7.1,Afternoon
536,2025-02-04,1134,2026,402,0,1959.73,7.1,Afternoon
537,2024-12-10,1020,2040,403,2,96.0,7.2,Afternoon
538,2024-12-02,1127,2023,402,1,?,7.2,Afternoon
539,2024-06-11,1030,2026,404,2,1621.78,7.2,Afternoon
540,2024-08-27,1176,2019,403,2,1012.27,7.2,Afternoon
541,2024-10-12,1145,2003,402,2,984.26,7.2,Afternoon
542,2024-11-26,1116,2080,404,2,1637.62,7.2,Afternoon
543,2025-05-07,1020,2086,403,0,1386.71,7.2,Afternoon
544,2025-03-20,1090,2023,403,2,3319.3,7.2,Afternoon
545,2025-04-05,1099,2019,403,2,1721.74,7.2,Afternoon
546,2024-07-07,1095,2038,402,1,1580.64,7.2,Afternoon
547,2025-03-12,1113,2061,402,3,1071.07,7.2,Afternoon
548,2025-03-11,1066,2066,402,0,1441.67,7.2,Afternoon
549,2024-12-07,1034,2076,401,0,1544.05,7.2,Afternoon
550,2025-02-27,1020,2026,403,2,672.34,7.2,Afternoon
551,2024-11-16,1116,2019,401,0,2076.43,7.2,Afternoon
552,2024-10-07,1020,2021,401,2,148.92,7.3,Afternoon
553,2024-06-13,1012,2013,401,1,4510.74,7.3,Afternoon
554,2025-01-04,1114,2039,403,0,3900.84,7.3,Evening
555,2024-11-23,1032,2041,404,1,4530.65,7.3,Afternoon
556,2024-09-14,1046,2085,403,2,109.02,7.3,Afternoon
557,2024-11-26,1118,2036,403,1,841.09,7.3,Evening
558,2025-02-13,1066,2068,404,3,525.2,7.3,Evening
559,2024-08-05,1016,2070,404,3,57.91,7.3,Evening
560,2025-02-04,1066,2091,404,3,939.44,7.3,Evening
561,2024-11-17,1103,2019,404,0,4176.65,7.3,Evening
562,2025-04-22,1162,2096,402,3,810.47,7.3,Afternoon
563,2024-12-21,1089,2041,404,2,3122.27,7.2,Afternoon
564,2024-12-28,1032,2007,403,0,?,7.2,Afternoon
565,2024-12-17,1028,2003,402,3,1437.96,8.2,Afternoon
566,2024-11-07,1054,2060,402,3,752.56,8.2,Afternoon
567,2024-11-09,1171,2013,401,1,2690.16,8.2,Evening
568,2024-11-15,1021,2079,404,3,2544.77,8.2,Evening
569,2024-11-12,1098,2023,404,3,1565.37,8.2,Evening
570,2024-12-03,1139,2004,401,2,988.99,8.2,Afternoon
571,2025-02-01,1020,2010,401,0,1101.43,8.2,Afternoon
572,2024-12-21,1087,2001,404,3,696.45,9.2,Afternoon
573,2024-10-19,1075,2013,403,2,2629.22,9.,Afternoon
574,2024-08-09,1020,2079,401,0,845.88,9.2,Afternoon
575,2025-03-14,1157,2041,401,1,3825.35,9.2,Afternoon
576,2025-01-18,1044,2035,404,0,879.81,9.1,Evening
577,2024-07-31,1039,2096,404,1,1465.7,9.1,Evening
578,2024-08-09,1088,2041,401,,2643.04,9.1,Afternoon
579,2024-11-26,1136,2079,404,3,4672.5,9.1,Afternoon
580,2024-11-19,1135,2005,401,2,891.98,9.1,Afternoon
581,2025-05-03,1085,2019,403,3,3538.81,9.1,Afternoon
582,2024-09-07,1197,2054,402,0,4242.6,9.1,Afternoon
583,2024-06-06,1066,2044,402,2,96.22,9.1,Afternoon
584,2024-07-09,1168,2027,401,0,1229.14,9.1,Afternoon
585,2024-10-28,1165,2023,401,2,3472.15,9.1,Evening
586,2024-07-03,1070,2088,403,0,171.66,9.1,Afternoon
587,2024-11-01,1066,2033,402,3,441.3,9.1,Evening
588,2024-11-02,1027,2079,402,0,3719.3,9.1,Afternoon
589,2024-07-13,1020,2002,404,0,1345.98,9.1,Afternoon
590,2024-09-17,1100,2065,404,3,1572.83,9.1,Afternoon
591,2025-03-14,1000,2088,404,2,640.51,9.1,Afternoon
592,2024-06-24,1165,2097,403,3,1804.81,9.1,Afternoon
593,2024-08-23,1098,2038,404,2,1776.17,9.1,Afternoon
594,2024-11-15,1034,2039,402,0,3395.33,9.1,Afternoon
595,2024-12-03,1115,2002,401,2,133.49,9.1,Afternoon
596,2024-07-20,1170,2086,402,1,121.91,9.1,Evening
597,2024-07-29,1120,2079,401,1,3346.98,9.1,Evening
598,2025-04-28,1024,2021,401,0,1210.21,9.2,Evening
599,2024-12-30,1071,2094,404,1,1931.15,9.2,Afternoon
600,2024-08-27,1116,2009,403,3,61.79,9.2,Afternoon
601,2024-08-08,1034,2039,404,0,863.25,9.22,Afternoon
602,2024-06-04,1180,2036,404,3,452.01,9.2,Afternoon
603,2025-01-10,1105,2023,401,3,896.1,9.2,Afternoon
604,2025-03-30,1107,2035,402,0,4382.29,9.2,Evening
605,2025-05-28,1118,2084,402,1,340.97,9.2,Afternoon
606,2025-04-05,1127,2013,401,2,1631.22,9.2,Evening
607,2024-12-30,1116,2013,402,0,1022.29,9.2,Evening
608,2025-04-25,1151,2053,402,2,264.76,9.2,Evening
609,2024-09-02,1005,2048,402,,155.96,9.2,Afternoon
610,2024-11-15,1032,2054,402,1,4890.0,9.2,Afternoon
611,2024-08-23,1034,2019,404,1,1489.34,9.2,Afternoon
612,2024-09-28,1116,2070,402,3,40.3,9.2,Afternoon
613,2024-11-26,1003,2094,402,3,1789.05,9.1,Afternoon
614,2024-12-25,1034,2005,401,0,818.92,9.1,Afternoon
615,2025-03-24,1025,2030,401,0,842.91,9.1,Afternoon
616,2024-08-30,1061,2011,401,2,945.6,9.1,Afternoon
617,2024-12-20,1116,2017,404,2,1422.61,9.1,Evening
618,2024-06-01,1098,2042,401,2,1244.38,9.1,Evening
619,2024-12-20,1066,2042,401,2,266.38,9.1,Morning
620,2024-10-25,1093,2082,401,1,703.11,9.1,Morning
621,2024-12-13,1188,2074,402,1,1800.97,9.1,Morning
622,2024-12-04,1013,2054,404,0,2893.57,9.1,Morning
623,2025-03-29,1115,2086,401,3,811.83,9.1,Morning
624,2024-08-14,1019,2041,401,3,1419.15,9.1,Morning
625,2025-05-16,1005,2069,402,3,1307.13,9.1,Morning
626,2024-09-27,1071,2066,403,2,1584.31,9.1,Afternoon
627,2024-11-29,1135,2056,404,1,647.67,9.1,Afternoon
628,2025-03-15,1089,2098,401,2,374.41,9.1,Afternoon
629,2025-05-05,1073,2023,402,0,1924.82,9.1,Afternoon
630,2024-07-23,1047,2013,403,1,2929.4,9.1,Evening
631,2024-08-07,1006,2063,402,2,1941.79,9.1,Evening
632,2024-12-14,1165,2060,403,1,1470.66,7.1,Evening
633,2025-05-04,1028,2005,402,0,833.18,7.1,Evening
634,2025-04-05,1023,2070,402,1,117.39,7.1,Evening
635,2024-08-20,1032,2011,404,2,1047.53,7.1,Evening
636,2024-06-24,1101,2079,403,0,2081.1,7.2,Afternoon
637,2025-05-24,1022,2091,404,2,3776.0,7.2,Afternoon
638,2025-04-26,1106,2039,401,2,4403.87,7.2,Afternoon
639,2025-05-28,1005,2079,403,3,3898.6,7.1,Afternoon
640,2024-07-27,1005,2091,401,2,1867.61,7.1,Afternoon
641,2024-12-17,1006,2019,403,3,3496.61,7.1,Afternoon
642,2024-09-26,1071,2041,404,0,2127.92,7.1,Afternoon
643,2024-11-28,1066,2060,401,0,367.55,7.1,Afternoon
644,2024-06-26,1177,2023,401,3,4798.2,7.1,Evening
645,2024-06-21,1163,2065,402,1,1217.59,7.1,Evening
646,2024-08-09,1080,2087,403,2,1181.09,7.1,Afternoon
647,2025-03-29,1020,2062,404,1,351.38,7.1,Evening
648,2024-08-31,1066,2009,401,0,53.62,8.2,Evening
649,2024-10-24,1152,2043,402,0,281.26,8.2,Evening
650,2024-07-24,1176,2023,402,0,3933.61,8.2,Afternoon
651,2024-07-18,1032,2005,402,0,1821.63,8.2,Afternoon
652,2024-06-19,1002,2015,402,1,735.49,8.2,Afternoon
653,2024-07-09,1071,2044,403,1,183.26,8.2,Afternoon
654,2025-03-28,1135,2035,403,0,944.09,8.2,Afternoon
655,2024-08-28,1181,2089,402,0,741.9,8.2,Afternoon
656,2024-10-30,1071,2097,403,0,2731.17,8.1,Afternoon
657,2024-10-23,1184,2054,404,2,3812.78,8.1,Afternoon
658,2025-02-01,1057,2037,404,0,1614.75,8.1,Afternoon
659,2025-05-10,1003,2062,401,0,819.88,8.1,Afternoon
660,2025-02-04,1189,2021,401,1,1210.17,8.7,Afternoon
661,2025-05-29,1005,2035,403,3,3500.05,8.7,Afternoon
662,2025-05-15,1130,2091,401,3,3327.67,8.7,Afternoon
663,2024-07-26,1034,2063,401,3,687.56,7.7,Afternoon
664,2024-10-01,1194,2097,404,1,2740.55,7.7,Afternoon
665,2024-12-04,1138,2097,401,0,1915.52,7.7,Afternoon
666,2024-10-28,1008,2041,402,1,2250.86,7.7,Afternoon
667,2025-03-07,1125,2087,404,1,813.2,7.7,Afternoon
668,2024-12-01,1157,2098,403,0,299.99,7.7,Afternoon
669,2024-10-25,1149,2054,404,2,2353.68,7.7,Evening
670,2024-06-24,1071,2075,401,0,273.22,7.77,Afternoon
671,2024-08-10,1009,2054,404,3,4935.94,7.7,Afternoon
672,2024-10-29,1146,2091,401,1,2762.46,7.7,Afternoon
673,2025-03-07,1157,2079,402,0,2911.25,7.7,Afternoon
674,2024-09-26,1005,2079,401,0,1730.14,8.7,Afternoon
675,2024-12-19,1109,2019,403,2,2929.76,8.7,Afternoon
676,2024-08-22,1159,2085,402,1,465.26,8.7,Evening
677,2025-05-18,1119,2097,404,0,2139.24,8.7,Evening
678,2024-08-01,1020,2052,403,0,1699.64,8.7,Evening
679,2024-09-17,1041,2039,402,0,624.67,8.7,Evening
680,2025-03-19,1124,2055,404,0,581.79,8.6,Afternoon
681,2024-06-13,1071,2022,401,3,157.89,8.2,Afternoon
682,2025-04-25,1076,2052,403,0,1687.63,8.6,Evening
683,2025-04-05,1066,2074,403,0,288.44,8.5,Evening
684,2025-03-22,1149,2095,402,1,391.55,8.5,Afternoon
685,2025-05-22,1065,2007,404,0,876.37,8.5,Afternoon
686,2025-01-30,1037,2091,403,0,4573.53,8.5,Afternoon
687,2024-06-15,1013,2085,402,3,1919.04,8.5,Evening
688,2024-10-24,1031,2030,404,3,1839.96,8.5,Evening
689,2024-09-30,1193,2035,402,2,3950.33,8.5,Evening
690,2024-11-07,1066,2062,404,2,1759.68,8.5,Evening
691,2025-03-28,1178,2019,403,2,623.08,8.5,Evening
692,2024-06-22,1161,2082,402,,645.82,8.5,Afternoon
693,2024-12-21,1071,2098,402,3,672.83,7.3,Afternoon
694,2024-11-27,1066,2039,403,1,2154.2,7.3,Afternoon
695,2024-11-02,1146,2013,402,3,3655.68,7.3,Afternoon
696,2024-08-09,1109,2019,401,1,1028.08,7.3,Afternoon
697,2025-02-15,1116,2063,401,1,1730.78,7.3,Afternoon
698,2025-03-14,1126,2055,402,2,419.26,7.3,Afternoon
699,2024-08-14,1007,2041,402,1,3579.2,7.3,Afternoon
700,2024-11-22,1116,2088,404,3,1485.4,7.3,Afternoon
701,2024-09-13,1034,2035,404,0,0.0,7.3,Afternoon
702,2024-12-04,1101,2016,401,2,1011.04,7.3,Afternoon
703,2024-10-15,1022,2070,404,0,146.99,7.3,Afternoon
704,2024-12-03,1071,2055,403,2,1535.05,7.3,Afternoon
705,2024-09-16,1042,2046,402,3,30.81,7.3,Evening
706,2024-09-03,1020,2091,404,3,2104.34,7.3,Evening
707,2025-02-10,1126,2023,401,1,1312.95,7.3,Evening
708,2024-08-09,1069,2084,402,0,1163.04,7.3,Evening
709,2024-11-09,1032,2042,401,0,1201.16,7.3,Evening
710,2025-05-15,1039,2091,404,2,526.12,7.3,Afternoon
711,2025-05-22,1115,2070,402,0,49.61,7.3,Evening
712,2025-03-20,1140,2048,401,1,1553.217,7.3,Evening
713,2024-11-04,1071,2079,403,1,2708.8,7.3,Afternoon
714,2024-11-14,1079,2077,402,0,1049.67,7.3,Evening
715,2024-11-30,1121,2039,404,3,3262.41,7.3,Evening
716,2024-11-15,1010,2059,402,1,1078.19,9.3,Afternoon
717,2025-01-12,1032,2061,403,1,635.8,9.3,Afternoon
718,2024-09-10,1145,2019,401,3,2590.95,8.3,Afternoon
719,2025-02-15,1090,2019,401,3,1319.94,8.3,Afternoon
720,2024-11-02,1020,2046,404,2,138.54,8.2,Evening
721,2025-03-24,1066,2077,403,0,84.93,8.2,Evening
722,2024-11-03,1032,2051,404,2,1928.13,8.2,Afternoon
723,2025-01-25,1022,2013,402,0,1346.99,8.2,Evening
724,2024-06-12,1037,2055,402,3,872.66,8.2,Evening
725,2024-07-19,1189,2062,404,,523.13,8.2,Afternoon
726,2024-09-28,1100,2013,401,3,4318.77,8.2,Afternoon
727,2025-02-22,1141,2004,404,3,168.37,8.2,Evening
728,2024-06-08,1141,2079,404,2,2463.04,8.2,Evening
729,2024-08-06,1120,2029,402,2,129.48,8.2,Afternoon
730,2025-02-14,1075,2049,404,2,1609.52,8.2,Afternoon
731,2025-04-05,1072,2011,404,1,1009.76,8.2,Evening
732,2025-03-17,1126,2029,401,2,59.99,8.2,Afternoon
733,2024-08-05,1128,2019,403,1,1508.43,8.2,Evening
734,2024-09-14,1090,2098,403,0,1856.93,8.2,Afternoon
735,2024-11-15,1193,2019,401,0,1251.71,8.2,Afternoon
736,2024-07-20,1089,2041,404,3,946.82,8.2,Evening
737,2025-01-12,1035,2035,404,0,4141.15,8.2,Afternoon
738,2024-10-16,1021,2079,403,1,3890.78,8.2,Afternoon
739,2024-11-11,1005,2052,404,2,913.03,8.2,Afternoon
740,2025-03-08,1132,2010,403,1,816.87,8.2,Afternoon
741,2024-06-16,1038,2007,403,2,661.71,8.2,Afternoon
742,2024-10-17,1135,2018,404,1,1267.5,8.1,Afternoon
743,2024-12-31,1088,2083,404,2,1098.0,8.1,Evening
744,2024-11-02,1032,2069,403,2,1526.24,7.1,Afternoon
745,2024-08-06,1020,2041,404,0,4287.13,7.1,Afternoon
746,2024-09-14,1031,2019,404,0,4923.28,7.1,Afternoon
747,2025-03-22,1144,2080,402,2,1639.4,7.1,Evening
748,2024-12-20,1005,2031,401,1,754.47,7.1,Afternoon
749,2024-07-12,1105,2013,404,3,851.33,7.1,Afternoon
750,2025-01-26,1143,2050,403,3,1393.58,7.1,Morning
751,2025-05-14,1106,2018,402,3,1423.82,7.1,Morning
752,2025-04-12,1071,2004,402,2,281.59,7.1,Morning
753,2025-04-09,1089,2005,402,2,641.36,7.1,Morning
754,2024-11-29,1036,2053,401,2,470.38,7.1,Morning
755,2025-03-28,1031,2008,401,2,1805.56,7.1,Morning
756,2025-03-13,1184,2016,402,3,1351.08,7.1,Morning
757,2024-08-02,1022,2085,404,3,139.35,7.1,Morning
758,2025-01-24,1071,2021,401,2,291.37,9.1,Morning
759,2024-12-17,1034,2066,402,0,1875.55,9.1,Morning
760,2024-08-14,1071,2039,404,2,702.43,9.2,Morning
761,2025-04-12,1005,2013,403,0,947.0,9.2,Morning
762,2024-08-09,1020,2019,403,1,4825.06,92.,Afternoon
763,2024-08-15,1076,2040,402,2,141.82,9.2,Evening
764,2025-04-26,1071,2075,402,3,575.11,9.2,Evening
765,2024-10-07,1016,2052,402,0,1928.78,9.2,Afternoon
766,2025-01-25,1116,2046,404,1,29.93,9.2,Evening
767,2024-12-13,1071,2054,404,,4825.01,9.4,Afternoon
768,2024-12-31,1042,2091,403,3,4290.97,9.4,Afternoon
769,2024-08-27,1072,2097,401,3,4237.24,9.4,Afternoon
770,2025-02-18,1110,2097,403,2,4908.38,9.4,Afternoon
771,2025-02-10,1169,2043,402,2,1399.1,9.4,Afternoon
772,2025-01-12,1032,2013,402,3,2921.59,9.4,Afternoon
773,2025-03-15,1019,2085,404,2,783.93,9.4,Afternoon
774,2024-12-27,1196,2001,401,1,481.97,9.4,Afternoon
775,2024-06-08,1181,2011,403,1,1012.93,9.4,Afternoon
776,2024-10-24,1180,2026,401,3,590.83,9.4,Afternoon
777,2024-12-03,1071,2072,402,,176.85,9.4,Afternoon
778,2024-09-14,1058,2093,403,0,1401.32,9.4,Afternoon
779,2024-12-11,1143,2000,404,0,679.85,9.4,Afternoon
780,2025-04-05,1031,2059,404,0,487.87,9.4,Afternoon
781,2024-09-21,1114,2046,402,0,41.59,9.4,Afternoon
782,2025-02-01,1063,2054,403,,625.43,9.4,Afternoon
783,2024-11-14,1089,2031,401,2,1652.19,9.4,Evening
784,2024-12-07,1066,2079,404,3,884.91,9.4,Afternoon
785,2024-06-27,1089,2088,401,0,911.74,9.4,Afternoon
786,2024-10-01,1016,2013,401,3,3277.86,9.4,Afternoon
787,2024-11-08,1168,2058,404,3,1257.5,9.4,Afternoon
788,2024-10-15,1006,2042,402,0,181.71,9.4,Afternoon
789,2025-03-15,1116,2032,403,3,318.46,9.4,Afternoon
790,2024-06-20,1005,2083,403,1,651.92,9.4,Afternoon
791,2024-10-16,1002,2084,402,,1678.59,9.3,Afternoon
792,2025-04-11,1050,2081,402,2,977.66,9.3,Afternoon
793,2025-02-02,1177,2070,403,3,24.68,9.3,Afternoon
794,2025-04-18,1126,2013,402,3,1575.59,9.3,Evening
795,2025-02-22,1084,2048,402,0,193.78,9.3,Afternoon
796,2024-06-14,1020,2080,403,,435.76,9.3,Afternoon
797,2024-08-11,1184,2097,402,0,1678.05,9.3,Afternoon
798,2024-07-13,1035,2014,403,2,770.8,9.3,Afternoon
799,2024-10-26,1005,2008,401,1,423.78,9.3,Afternoon
800,2024-10-29,1153,2081,402,1,623.66,9.3,Afternoon
801,2024-08-02,1020,2065,404,0,1592.44,9.3,Afternoon
802,2024-12-30,1005,2082,403,3,1439.35,9.3,Afternoon
803,2024-12-09,1126,2074,404,0,1795.03,9.3,Afternoon
804,2024-11-20,1071,2046,402,2,21.87,9.3,Afternoon
805,2025-03-01,1132,2074,401,2,961.72,9.3,Afternoon
806,2024-11-08,1081,2013,402,2,2115.92,9.3,Afternoon
807,2024-07-05,1131,2010,403,0,752.46,9.3,Afternoon
808,2024-12-14,1172,2040,403,1,115.33,9.3,Afternoon
809,2025-02-24,1002,2036,403,3,1652.63,9.3,Evening
810,2025-03-04,1116,2029,402,1,82.22,9.3,Afternoon
811,2025-03-15,1184,2043,401,1,1886.76,9.3,Afternoon
812,2024-11-09,1142,2023,402,0,3464.82,9.3,Afternoon
813,2024-10-20,1005,2051,403,0,112.81,9.3,Afternoon
814,2024-07-28,1084,2077,404,1,174.23,7.3,Afternoon
815,2024-11-01,1084,2057,403,0,396.39,7.2,Afternoon
816,2025-03-30,1006,2019,404,1,2859.78,7.2,Afternoon
817,2024-11-21,1002,2079,404,0,2382.86,7.2,Afternoon
818,2025-02-26,1052,2035,403,3,3087.91,7.2,Afternoon
819,2024-10-04,1032,2013,402,3,1610.78,7.2,Afternoon
820,2024-10-11,1125,2073,401,2,1841.85,7.2,Afternoon
821,2024-10-18,1076,2022,404,3,1826.12,7.2,Afternoon
822,2024-08-16,1100,2005,402,1,1274.76,7.2,Afternoon
823,2024-09-27,1178,2027,404,0,199.24,7.2,Afternoon
824,2024-07-14,1083,2021,403,0,192.73,7.2,Afternoon
825,2025-02-04,1097,2046,402,0,109.27,7.2,Afternoon
826,2024-07-27,1118,2008,401,1,903.56,7.2,Afternoon
827,2024-11-25,1041,2013,401,0,2258.82,7.2,Afternoon
828,2024-07-04,1173,2091,403,0,2895.34,7.2,Afternoon
829,2024-11-16,1066,2039,404,,0.0,7.2,Evening
830,2025-03-09,1063,2030,402,3,78.39,7.2,Afternoon
831,2025-03-28,1016,2019,402,0,984.58,7.2,Afternoon
832,2024-10-11,1048,2069,404,0,256.48,7.2,Afternoon
833,2024-10-09,1089,2035,404,2,2160.41,7.2,Afternoon
834,2024-06-29,1020,2063,401,1,234.75,7.2,Afternoon
835,2024-10-09,1099,2098,402,2,1349.42,7.2,Afternoon
836,2024-06-29,1032,2081,402,0,1251.88,7.2,Afternoon
837,2025-04-25,1188,2031,401,,628.4,7.2,Afternoon
838,2024-08-02,1034,2039,404,2,1928.92,7.2,Afternoon
839,2025-03-15,1005,2036,401,2,451.34,7.2,Afternoon
840,2024-06-23,1063,2089,402,3,407.91,7.2,Afternoon
841,2025-01-04,1032,2035,401,1,1065.02,7.2,Afternoon
842,2024-08-11,1052,2019,404,2,1388.91,7.2,Afternoon
843,2024-11-11,1077,2091,402,3,4876.5,7.2,Afternoon
844,2024-11-04,1032,2078,404,3,793.77,7.2,Afternoon
845,2025-04-10,1076,2019,402,3,1774.52,7.2,Afternoon
846,2024-12-18,1085,2091,402,1,0.0,7.2,Afternoon
847,2025-04-12,1095,2053,404,2,650.23,7.2,Afternoon
848,2025-05-28,1034,2015,404,1,900.78,7.2,Afternoon
849,2024-09-13,1184,2046,403,3,112.99,7.2,Afternoon
850,2024-09-07,1089,2086,401,1,938.17,7.2,Afternoon
851,2025-01-29,1154,2084,402,,1306.57,7.2,Afternoon
852,2025-05-03,1150,2010,402,1,543.1,7.2,Afternoon
853,2024-10-01,1168,2075,403,0,1166.59,7.2,Afternoon
854,2025-03-19,1068,2095,404,0,1641.96,7.2,Afternoon
855,2024-06-01,1005,2083,403,1,413.48,7.3,Afternoon
856,2024-07-26,1128,2057,402,0,1627.9,7.3,Afternoon
857,2024-08-18,1104,2079,401,1,885.68,7.3,Afternoon
858,2024-07-22,1034,2061,404,0,568.86,7.3,Afternoon
859,2025-05-16,1010,2097,401,2,2629.54,8.3,Afternoon
860,2024-10-14,1094,2043,403,2,787.95,8.3,Afternoon
861,2024-06-25,1084,2000,404,3,1781.54,8.3,Afternoon
862,2024-07-28,1135,2035,403,3,3471.03,8.3,Afternoon
863,2024-06-01,1082,2054,401,2,1551.01,8.3,Afternoon
864,2024-11-29,1020,2046,401,2,109.67,8.3,Afternoon
865,2025-04-16,1183,2016,404,2,1992.79,8.3,Afternoon
866,2025-05-28,1114,2061,402,1,1336.5,8.3,Afternoon
867,2024-07-08,1183,2054,404,1,3496.7,8.3,Afternoon
868,2025-05-15,1170,2097,404,2,4693.01,8.3,Afternoon
869,2025-03-07,1164,2046,404,1,50.74,8.3,Afternoon
870,2024-07-17,1151,2095,401,1,1910.43,8.3,Afternoon
871,2024-12-21,1034,2024,404,2,1605.16,8.3,Afternoon
872,2025-05-09,1071,2013,404,2,2749.25,8.3,Afternoon
873,2024-11-21,1037,2089,401,2,1392.77,8.3,Afternoon
874,2024-09-20,1146,2027,404,3,1629.91,8.3,Afternoon
875,2024-08-03,1187,2028,401,1,1468.42,9.3,Afternoon
876,2024-09-30,1040,2070,404,3,116.08,9.3,Afternoon
877,2024-11-02,1072,2035,404,2,3111.73,9.1,Afternoon
878,2025-03-22,1181,2029,402,3,30.28,9.1,Evening
879,2024-08-30,1188,2046,401,1,147.58,9.1,Afternoon
880,2025-01-28,1034,2091,402,0,3425.44,9.1,Morning
881,2024-12-25,1160,2031,401,3,1391.57,9.1,Morning
882,2025-05-16,1096,2085,401,3,1323.73,9.1,Morning
883,2024-10-25,1066,2097,402,,3076.84,9.1,Morning
884,2024-09-20,1151,2091,404,1,785.74,9.1,Morning
885,2025-04-30,1047,2089,401,3,1682.43,9.1,Morning
886,2024-12-12,1166,2035,401,1,0.0,9.1,Morning
887,2024-11-18,1010,2035,402,2,657.52,9.1,Morning
888,2025-05-24,1093,2021,404,0,140.02,9.1,Morning
889,2025-05-13,1075,2056,402,2,1972.74,9.1,Morning
890,2024-10-19,1053,2084,401,1,1719.37,9.1,Morning
891,2024-08-29,1071,2035,402,3,1647.35,9.1,Morning
892,2024-10-31,1102,2032,404,1,187.59,9.4,Morning
893,2025-02-21,1178,2091,403,1,1190.71,9.1,Evening
894,2025-05-30,1006,2031,401,0,843.22,9.4,Afternoon
895,2024-10-11,1089,2018,402,0,1939.11,9.4,Afternoon
896,2024-10-29,1066,2041,404,2,4394.29,9.4,Afternoon
897,2024-12-14,1012,2079,402,3,1074.07,9.4,Afternoon
898,2024-06-05,1039,2018,404,2,1464.57,9.2,Afternoon
899,2025-05-23,1063,2053,404,2,1029.35,9.2,Afternoon
900,2024-09-21,1183,2029,403,0,66.91,9.2,Afternoon
901,2024-10-05,1066,2035,401,0,1786.33,9.2,Afternoon
902,2025-05-08,1002,2054,402,0,3273.29,9.2,Afternoon
903,2025-05-01,1182,2068,403,0,1931.06,9.2,Evening
904,2025-01-25,1134,2022,401,1,1907.34,9.2,Evening
905,2024-11-11,1095,2043,402,0,992.09,9.2,Evening
906,2024-09-16,1005,2041,401,3,526.51,9.2,Evening
907,2024-11-22,1027,2023,404,0,1388.95,9.2,Evening
908,2024-12-10,1105,2091,401,2,2279.11,9.2,Evening
909,2024-09-30,1046,2034,401,3,739.79,9.2,Evening
910,2024-11-15,1181,2035,403,,3847.66,9.2,Evening
911,2025-04-26,1071,2085,403,3,1609.65,9.2,Evening
912,2025-02-13,1195,2051,404,0,295.94,9.22,Evening
913,2024-10-17,1071,2054,404,0,1802.6,9.2,Evening
914,2024-11-29,1063,2093,402,0,1988.8,9.2,Afternoon
915,2024-09-10,1050,2013,402,1,1095.33,9.2,Afternoon
916,2024-06-17,1037,2078,402,0,1073.69,9.2,Morning
917,2025-02-07,1056,2046,401,0,47.69,9.2,Morning
918,2024-09-22,1107,2013,402,,3851.4,7.2,Morning
919,2024-08-27,1155,2023,403,2,1001.88,7.2,Morning
920,2025-01-23,1197,2042,403,2,1198.38,7.2,Morning
921,2024-12-27,1020,2079,401,1,3208.26,7.2,Morning
922,2024-06-18,1167,2024,404,0,1257.07,7.2,Morning
923,2024-10-01,1194,2023,401,3,1636.36,7.2,Morning
924,2025-04-18,1143,2046,404,0,19.48,7.2,Morning
925,2024-11-09,1128,2021,403,1,1913.82,7.1,Morning
926,2024-06-27,1048,2050,404,0,1513.92,7.1,Morning
927,2024-11-01,1102,2026,402,,1204.62,7.1,Morning
928,2024-06-04,1131,2090,403,1,573.6,7.1,Morning
929,2024-07-20,1071,2023,403,2,731.84,7.1,Morning
930,2025-05-24,1053,2000,403,2,1895.53,7.1,Morning
931,2025-04-20,1034,2078,403,0,70.3,7.1,Morning
932,2024-10-20,1071,2013,401,3,1658.05,7.1,Morning
933,2025-01-03,1052,2028,403,3,501.86,7.1,Morning
934,2025-02-18,1122,2023,404,1,2707.33,7.1,Evening
935,2025-02-20,1005,2029,404,1,20.09,7.1,Evening
936,2024-09-09,1103,2097,402,0,2200.44,7.1,Evening
937,2024-06-09,1195,2005,402,0,1880.27,7.1,Evening
938,2024-12-27,1002,2013,403,0,2661.91,7.1,Evening
939,2024-12-18,1041,2046,402,2,27.23,7.1,Evening
940,2025-03-29,1020,2079,402,,1520.04,7.1,Evening
941,2024-11-01,1073,2079,401,0,4804.1,7.1,Evening
942,2024-09-23,1089,2019,401,1,2006.8,7.1,Evening
943,2024-08-15,1170,2079,403,0,2746.63,7.4,Morning
944,2024-10-26,1182,2000,402,1,811.67,7.4,Morning
945,2025-02-15,1122,2014,404,2,679.95,7.4,Morning
946,2024-07-24,1090,2046,404,3,99.12,7.4,Evening
947,2024-07-27,1062,2070,404,3,125.0,7.4,Afternoon
948,2024-11-01,1107,2099,402,1,446.4,7.4,Afternoon
949,2025-04-08,1121,2014,401,2,1740.21,7.4,Afternoon
950,2025-03-28,1036,2070,404,1,29.29,7.4,Afternoon
951,2025-05-18,1096,2089,404,0,193.85,7.4,Afternoon
952,2025-04-04,1007,2023,401,0,4161.7,7.4,Evening
953,2024-08-02,1116,2089,403,2,1307.45,7.4,Afternoon
954,2024-06-07,1034,2004,402,0,876.06,7.4,Evening
955,2025-05-14,1182,2073,403,3,580.06,7.4,Evening
956,2024-07-09,1032,2051,401,1,1953.18,7.4,Evening
957,2024-12-28,1032,2083,404,1,774.38,7.4,Afternoon
958,2024-11-12,1026,2039,403,,2937.06,7.4,Afternoon
959,2024-06-28,1193,2024,402,0,215.83,7.4,Afternoon
960,2024-12-20,1032,2054,401,0,3882.56,7.4,Afternoon
961,2025-05-17,1080,2092,403,0,1798.2,7.4,Afternoon
962,2024-12-04,1198,2039,404,0,1181.92,7.4,Morning
963,2024-11-23,1023,2029,402,1,32.55,7.4,Morning
964,2025-05-19,1186,2066,403,1,752.62,7.4,Morning
965,2025-04-11,1182,2049,402,0,1155.46,7.4,Morning
966,2025-05-30,1034,2041,401,3,4703.25,7.4,Morning
967,2024-08-07,1093,2009,402,3,76.26,7.4,Morning
968,2024-09-13,1166,2015,404,,831.83,7.4,Morning
969,2025-04-11,1033,2065,403,3,562.51,7.3,Morning
970,2025-04-18,1158,2007,402,0,255.33,7.3,Morning
971,2024-10-28,1018,2091,401,3,4550.57,7.3,Morning
972,2024-11-23,1066,2050,404,2,717.73,8.3,Morning
973,2024-12-27,1032,2091,401,3,1460.62,8.3,Morning
974,2024-12-19,1198,2046,404,1,131.52,8.3,Morning
975,2025-05-16,1069,2023,401,2,1842.52,8.3,Evening
976,2025-02-12,1134,2041,402,0,2428.4,8.2,Afternoon
977,2025-05-19,1050,2046,404,1,71.15,8.2,Evening
978,2025-05-02,1002,2076,402,,1252.2,8.2,Evening
979,2024-10-09,1187,2094,403,,1870.95,8.2,Evening
980,2024-12-03,1172,2066,401,1,1295.89,8.2,Afternoon
981,2024-12-21,1071,2069,402,1,1907.13,8.2,Afternoon
982,2025-05-23,1003,2046,401,2,131.49,8.2,Afternoon
983,2025-02-06,1116,2045,403,3,1541.91,8.2,Evening
984,2024-07-18,1005,2070,402,3,102.34,8.2,Evening
985,2025-01-29,1179,2012,401,0,82.03,8.2,Evening
986,2025-05-09,1066,2064,401,3,1564.92,8.2,Evening
987,2024-12-14,1032,2044,404,3,0.0,8.2,Evening
988,2024-10-27,1020,2041,403,3,518.71,8.7,Afternoon
989,2025-04-30,1034,2054,403,3,4880.71,8.7,Afternoon
990,2024-08-19,1013,2073,404,3,388.75,9.7,Afternoon
991,2025-04-28,1111,2023,401,3,3322.93,9.7,Afternoon
992,2024-09-14,1082,2019,401,1,3684.09,9.7,Afternoon
993,2025-05-03,1005,2023,404,2,3436.35,9.1,Evening
994,2024-08-31,1071,2048,403,2,330.35,9.1,Evening
995,2024-06-10,1026,2039,401,2,1312.82,9.1,Evening
996,2024-07-04,1053,2062,401,3,198.81,9.1,Evening
997,2025-02-01,1080,2057,402,0,1336.35,9.1,Afternoon
998,2025-01-05,1030,2044,404,0,1496.31,9.1,Afternoon
999,2025-05-06,1034,2066,402,2,473.07,9.1,Afternoon
1000,2024-10-11,1116,2091,402,2,3433.66,9.1,Evening
1001,2024-11-23,1111,2051,402,1,1780.26,9.1,Evening
1002,2024-09-23,1149,2075,403,1,1001.27,9.1,Evening
1003,2025-04-20,1191,2054,401,3,2088.12,9.1,Evening
1004,2025-04-26,1115,2013,403,2,4447.63,9.1,Evening
1005,2025-05-15,1101,2023,403,1,826.88,9.1,Evening
1006,2025-01-17,1199,2009,403,2,89.45,9.1,Evening
1007,2024-10-08,1066,2077,402,0,1446.72,7.2,Evening
1008,2025-05-13,1171,2079,404,2,723.47,7.2,Evening
1009,2024-12-01,1020,2015,404,2,511.02,7.2,Evening
1010,2024-06-09,1034,2036,402,3,1090.26,7.2,Evening
1011,2024-12-09,1004,2019,404,2,2056.21,7.2,Afternoon
1012,2024-07-05,1126,2050,403,3,1300.14,7.2,Afternoon
1013,2025-05-01,1158,2035,401,1,1952.87,7.2,Afternoon
1014,2025-02-01,1043,2054,401,0,4032.25,7.4,Afternoon
1015,2024-07-17,1019,2039,404,1,3125.54,7.4,Afternoon
1016,2024-07-20,1037,2052,404,1,1339.47,7.4,Afternoon
1017,2025-05-24,1187,2011,403,0,1679.31,7.4,Afternoon
1018,2024-09-07,1052,2009,404,,40.26,7.4,Afternoon
1019,2025-03-28,1066,2070,403,2,101.74,7.6,Afternoon
1020,2025-04-07,1116,2054,404,1,1345.79,7.6,Afternoon
1021,2024-09-21,1020,2073,401,0,519.1,7.6,Afternoon
1022,2025-04-25,1034,2067,404,0,213.93,7.6,Afternoon
1023,2024-11-14,1005,2006,404,0,795.92,7.6,Evening
1024,2025-05-07,1071,2076,403,3,262.91,7.6,Evening
1025,2024-06-22,1066,2013,401,1,954.64,7.6,Afternoon
1026,2024-09-01,1183,2050,401,2,383.51,7.6,Evening
1027,2024-08-23,1180,2093,401,3,1712.5,7.6,Evening
1028,2025-02-01,1066,2054,404,0,2425.65,7.6,Evening
1029,2024-06-09,1019,2013,403,0,1613.8,7.6,Evening
1030,2024-07-16,1145,2037,402,1,1561.75,7.6,Afternoon
1031,2024-07-12,1085,2094,403,2,544.4,7.6,Afternoon
1032,2024-11-22,1077,2066,404,0,850.12,7.6,Afternoon
1033,2024-08-30,1091,2031,404,0,1911.89,7.6,Afternoon
1034,2025-01-09,1160,2057,402,2,812.5,7.6,Afternoon
1035,2024-11-09,1079,2039,403,0,2547.62,8.6,Afternoon
1036,2025-05-21,1073,2013,404,1,1176.02,8.6,Afternoon
1037,2025-05-20,1170,2091,403,,2542.36,8.6,Afternoon
1038,2024-08-29,1031,2041,401,0,1119.73,8.6,Afternoon
1039,2025-04-19,1128,2098,402,2,1479.45,8.6,Afternoon
1040,2024-11-14,1074,2091,403,3,4851.08,8.6,Afternoon
1041,2024-07-12,1077,2022,404,2,321.39,8.6,Morning
1042,2025-03-08,1106,2038,403,3,783.13,8.6,Morning
1043,2025-04-18,1035,2088,403,2,883.95,8.6,Morning
1044,2024-11-10,1007,2003,404,1,639.66,8.4,Morning
1045,2024-09-07,1032,2072,403,,295.57,8.4,Evening
1046,2025-01-24,1195,2058,401,2,1317.27,8.4,Evening
1047,2024-10-12,1020,2088,403,0,1365.11,8.4,Evening
1048,2025-02-24,1071,2071,404,1,656.24,9.4,Evening
1049,2025-05-29,1032,2025,401,,1765.8,9.4,Evening
1050,2024-12-07,1066,2064,404,0,993.25,9.4,Evening
1051,2024-08-16,1020,2087,404,0,1290.58,9.4,Evening
1052,2024-08-16,1168,2097,402,2,950.09,9.4,Afternoon
1053,2024-12-24,1070,2089,401,3,602.67,9.4,Evening
1054,2024-07-20,1148,2070,404,,144.79,9.4,Evening
1055,2024-11-23,1070,2023,403,1,3678.01,9.4,Afternoon
1056,2024-11-02,1116,2092,403,1,1537.08,9.3,Afternoon
1057,2024-10-01,1165,2060,402,2,681.95,9.3,Afternoon
1058,2025-05-16,1158,2008,401,,501.82,9.3,Afternoon
1059,2025-01-21,1173,2097,402,1,4463.4,9.3,Afternoon
1060,2025-02-19,1107,2007,403,0,779.93,9.3,Afternoon
1061,2025-01-05,1116,2046,404,1,78.75,9.3,Afternoon
1062,2025-01-28,1116,2067,402,0,1353.88,9.3,Afternoon
1063,2024-08-23,1001,2052,401,3,454.58,9.3,Afternoon
1064,2025-03-30,1091,2071,402,3,783.43,9.3,Afternoon
1065,2024-06-30,1020,2091,402,,601.44,9.3,Afternoon
1066,2025-03-28,1064,2045,401,1,195.82,9.2,Afternoon
1067,2024-12-21,1156,2051,401,0,1877.01,9.2,Afternoon
1068,2025-05-27,1008,2040,402,0,86.59,9.2,Afternoon
1069,2025-02-21,1169,2007,402,0,187.99,9.2,Afternoon
1070,2024-11-09,1020,2061,402,0,1018.36,9.2,Afternoon
1071,2024-09-01,1122,2029,401,0,123.59,9.2,Afternoon
1072,2024-12-11,1174,2002,404,,1406.11,9.2,Afternoon
1073,2024-11-13,1035,2019,403,2,760.65,9.2,Afternoon
1074,2024-09-04,1058,2096,401,0,537.35,9.2,Afternoon
1075,2024-06-25,1032,2013,403,1,1083.72,9.2,Afternoon
1076,2024-11-04,1168,2041,402,2,4364.42,9.1,Afternoon
1077,2024-11-16,1093,2037,402,2,1105.77,9.1,Afternoon
1078,2024-07-14,1105,2079,404,1,4286.41,9.1,Afternoon
1079,2024-12-07,1141,2054,402,,2481.25,9.1,Afternoon
1080,2025-03-07,1005,2004,403,3,1931.94,9.1,Afternoon
1081,2024-06-26,1098,2048,404,1,409.63,9.2,Afternoon
1082,2024-11-14,1020,2054,401,2,4583.52,7.2,Afternoon
1083,2025-03-24,1193,2039,404,0,2989.82,7.1,Afternoon
1084,2025-05-16,1073,2068,404,2,793.52,7.2,Afternoon
1085,2025-02-27,1033,2035,403,1,1831.21,7.8,Afternoon
1086,2024-12-20,1020,2084,403,0,1158.46,7.8,Afternoon
1087,2024-10-08,1045,2002,404,,749.51,7.8,Afternoon
1088,2025-01-09,1104,2019,403,2,2481.98,7.8,Afternoon
1089,2024-09-14,1066,2016,402,1,1329.16,7.8,Afternoon
1090,2024-09-04,1047,2056,403,,168.59,7.8,Afternoon
1091,2025-02-13,1065,2054,401,2,2781.22,7.8,Evening
1092,2024-07-18,1071,2040,404,,49.63,7.8,Afternoon
1093,2024-06-11,1092,2046,403,2,32.44,7.8,Evening
1094,2024-06-20,1151,2039,402,2,2204.78,7.8,Afternoon
1095,2024-12-22,1038,2083,401,1,1995.74,7.8,Afternoon
1096,2025-01-04,1137,2067,401,3,430.3,7.8,Afternoon
1097,2024-12-20,1084,2054,402,0,2502.53,7.8,Afternoon
1098,2025-05-17,1020,2064,401,3,925.49,7.8,Afternoon
1099,2024-11-09,1032,2031,404,1,1601.92,7.8,Afternoon
1100,2024-10-16,1005,2018,404,1,1758.99,7.8,Afternoon
1101,2024-06-07,1020,2091,404,1,4252.36,7.8,Afternoon
1102,2024-06-11,1066,2097,404,2,3636.18,7.8,Afternoon
1103,2024-09-07,1086,2043,401,0,1845.41,7.8,Afternoon
1104,2025-05-15,1161,2055,403,1,1461.23,7.8,Afternoon
1105,2024-12-24,1130,2013,403,3,2473.64,7.8,Afternoon
1106,2024-12-05,1197,2041,404,3,2228.3,7.8,Afternoon
1107,2025-03-03,1010,2094,402,2,1250.18,7.8,Afternoon
1108,2024-07-12,1030,2091,404,1,4629.62,7.8,Afternoon
1109,2025-05-29,1059,2018,401,1,1809.96,8.3,Afternoon
1110,2025-05-17,1049,2013,403,3,2844.02,8.3,Afternoon
1111,2025-04-01,1028,2015,404,3,1735.78,8.3,Afternoon
1112,2025-05-30,1029,2010,402,2,703.91,8.2,Afternoon
1113,2024-11-20,1172,2090,403,0,1868.12,8.2,Evening
1114,2025-03-18,1142,2080,401,0,1193.37,8.2,Evening
1115,2025-04-17,1071,2023,404,3,1393.58,8.2,Afternoon
1116,2025-04-18,1185,2000,404,,456.67,8.2,Afternoon
1117,2024-08-13,1067,2080,402,3,1910.95,8.2,Evening
1118,2025-04-18,1074,2062,404,3,476.91,8.2,Afternoon
1119,2025-05-19,1195,2091,403,3,2591.31,8.2,Afternoon
1120,2024-10-07,1005,2099,404,3,1390.08,8.2,Afternoon
1121,2024-06-13,1055,2052,401,2,669.36,8.2,Afternoon
1122,2024-11-02,1102,2013,403,1,4183.36,8.2,Afternoon
1123,2024-10-04,1146,2068,402,0,1245.94,8.1,Afternoon
1124,2024-10-11,1005,2002,404,2,1545.34,8.1,Afternoon
1125,2024-12-15,1132,2097,402,3,1532.01,8.1,Afternoon
1126,2025-03-21,1084,2070,402,0,115.72,8.1,Afternoon
1127,2024-12-09,1124,2041,403,,3596.32,9.5,Afternoon
1128,2024-06-15,1096,2016,403,0,1458.12,9.5,Afternoon
1129,2025-03-06,1003,2069,402,3,1231.1,9.3,Morning
1130,2024-10-05,1131,2038,403,0,1329.3,9.3,Morning
1131,2024-11-25,1023,2079,403,1,4969.19,9.3,Morning
1132,2025-02-19,1195,2013,404,0,1544.52,9.3,Morning
1133,2024-10-26,1164,2029,401,1,141.89,9.3,Morning
1134,2024-12-25,1005,2060,402,,853.12,9.2,Morning
1135,2025-02-24,1009,2070,404,2,115.71,9.2,Morning
1136,2025-03-18,1080,2030,403,3,1724.37,9.2,Morning
1137,2025-05-30,1066,2009,404,0,114.74,9.2,Morning
1138,2024-08-09,1029,2079,404,3,4433.97,9.2,Morning
1139,2024-11-09,1066,2037,403,2,373.59,9.2,Morning
1140,2024-09-27,1157,2047,403,1,1857.81,9.2,Morning
1141,2025-02-15,1034,2091,401,1,801.72,9.2,Morning
1142,2025-05-24,1048,2019,404,0,3175.05,9.2,Morning
1143,2024-06-29,1057,2009,402,3,52.81,9.2,Morning
1144,2025-01-02,1065,2082,402,,1474.78,9.2,Morning
1145,2024-09-22,1026,2097,404,2,3817.69,9.2,Morning
1146,2024-12-30,1053,2035,402,1,2639.59,9.2,Morning
1147,2024-06-01,1034,2091,404,2,3920.03,9.2,Morning
1148,2024-09-07,1198,2060,403,2,1772.41,9.2,Morning
1149,2025-04-05,1162,2091,402,3,4050.34,9.2,Morning
1150,2025-01-31,1111,2022,401,3,724.68,9.1,Morning
1151,2024-11-11,1048,2022,401,2,60.95,9.1,Morning
1152,2024-10-04,1089,2064,401,0,1301.26,9.1,Morning
1153,2024-11-04,1180,2013,401,3,3345.08,9.1,Morning
1154,2024-11-30,1165,2013,401,1,1296.08,9.1,Morning
1155,2025-04-09,1066,2013,403,2,1373.82,9.1,Morning
1156,2024-12-29,1089,2021,403,3,1352.06,9.1,Evening
1157,2024-06-27,1116,2010,402,2,1393.0,9.1,Evening
1158,2024-11-08,1000,2070,403,3,107.48,7.1,Evening
1159,2024-12-19,1029,2023,401,0,4049.32,7.1,Evening
1160,2024-08-29,1020,2031,403,1,1489.32,7.1,Evening
1161,2024-10-04,1073,2023,403,1,1396.51,7.1,Evening
1162,2025-05-24,1112,2091,403,2,2853.69,7.1,Evening
1163,2025-03-31,1043,2039,404,1,2452.34,7.1,Evening
1164,2025-01-12,1073,2097,403,1,2604.6,7.1,Afternoon
1165,2024-06-14,1116,2059,403,3,1807.49,7.1,Afternoon
1166,2024-10-09,1089,2001,402,2,1810.81,7.1,Afternoon
1167,2024-08-17,1041,2023,401,3,3625.24,7.12,Afternoon
1168,2025-02-21,1062,2054,403,3,4868.45,7.2,Afternoon
1169,2025-04-18,1129,2079,403,3,1238.12,7.2,Afternoon
1170,2024-08-09,1152,2067,402,1,699.64,7.2,Afternoon
1171,2025-05-17,1079,2018,403,1,1334.29,7.2,Afternoon
1172,2024-08-23,1020,2035,402,1,2999.07,7.2,Afternoon
1173,2025-03-11,1116,2046,404,3,126.39,7.2,Afternoon
1174,2025-02-09,1024,2040,402,2,124.77,7.2,Evening
1175,2025-02-20,1100,2044,404,0,1236.62,7.2,Evening
1176,2025-03-08,1087,2000,404,1,416.54,7.2,Evening
1177,2024-08-26,1086,2023,404,2,4195.74,7.,Evening
1178,2024-06-15,1107,2079,401,0,3797.02,7.2,Evening
1179,2025-01-17,1003,2023,404,0,4819.64,7.,Evening
1180,2024-11-05,1077,2094,401,3,1572.96,7.2,Evening
1181,2025-02-12,1093,2023,404,3,860.04,7.5,Afternoon
1182,2024-06-03,1181,2025,404,3,287.03,7.5,Evening
1183,2024-11-30,1153,2032,404,2,95.88,7.5,Evening
1184,2024-09-18,1106,2054,403,0,664.76,7.5,Afternoon
1185,2025-02-23,1066,2016,402,3,723.5,8.5,Afternoon
1186,2024-11-22,1187,2072,404,,124.66,8.5,Afternoon
1187,2024-12-28,1025,2092,401,2,93.65,8.5,Evening
1188,2025-05-15,1167,2010,404,1,1990.09,8.3,Afternoon
1189,2024-12-30,1062,2006,403,1,902.04,8.3,Afternoon
1190,2025-02-28,1070,2005,404,2,844.01,8.3,Afternoon
1191,2024-06-08,1033,2091,403,1,1960.74,8.3,Afternoon
1192,2024-06-28,1182,2058,404,2,977.43,8.3,Afternoon
1193,2024-12-16,1081,2046,402,3,107.68,8.3,Afternoon
1194,2025-01-25,1008,2073,401,2,1508.62,8.3,Afternoon
1195,2024-12-10,1192,2046,401,1,89.08,8.3,Evening
1196,2024-11-09,1192,2071,404,3,306.81,9.3,Afternoon
1197,2024-12-28,1024,2027,401,1,1545.41,9.1,Evening
1198,2025-05-27,1140,2096,402,2,758.19,9.3,Afternoon
1199,2024-07-15,1162,2040,404,3,74.95,9.1,Afternoon
1200,2025-03-30,1045,2000,403,1,241.73,9.1,Afternoon
1201,2024-12-21,1107,2081,401,1,1031.55,9.1,Afternoon
1202,2024-07-05,1104,2041,402,3,4783.31,9.1,Afternoon
1203,2024-06-10,1167,2065,402,1,1459.97,9.1,Afternoon
1204,2024-09-07,1182,2041,402,0,2575.31,9.1,Evening
1205,2024-09-09,1061,2059,401,2,1822.31,9.1,Evening
1206,2024-09-09,1017,2013,404,3,816.65,9.1,Evening
1207,2024-11-09,1183,2091,401,0,2292.79,9.1,Afternoon
1208,2025-03-29,1093,2065,404,0,1701.79,9.1,Evening
1209,2025-03-04,1028,2046,404,1,121.38,9.1,Evening
1210,2024-08-26,1066,2090,404,2,1393.93,9.2,Evening
1211,2024-10-11,1066,2076,401,1,100.58,9.2,Afternoon
1212,2025-04-19,1182,2023,403,3,1194.99,9.2,Evening
1213,2025-03-22,1020,2032,402,,640.77,9.2,Evening
1214,2024-12-22,1184,2066,404,1,1305.51,9.2,Afternoon
1215,2024-12-23,1133,2062,402,3,1799.41,9.2,Afternoon
1216,2024-06-07,1087,2035,402,0,2104.26,9.2,Afternoon
1217,2024-11-22,1003,2067,402,2,827.06,9.2,Afternoon
1218,2024-07-12,1017,2097,401,0,2853.27,9.2,Afternoon
1219,2024-09-08,1046,2083,402,3,1959.79,9.2,Afternoon
1220,2024-09-17,1190,2019,402,0,1597.73,9.2,Afternoon
1221,2025-03-06,1025,2006,403,0,276.99,9.1,Afternoon
1222,2024-07-06,1071,2038,401,0,913.15,9.1,Afternoon
1223,2025-01-11,1162,2058,401,3,1010.58,9.1,Afternoon
1224,2024-08-12,1131,2041,403,1,3550.29,9.1,Afternoon
1225,2024-12-04,1028,2023,404,,2792.97,9.1,Afternoon
1226,2024-12-01,1005,2012,404,1,261.99,9.1,Morning
1227,2024-09-04,1078,2070,404,2,39.44,9.1,Morning
1228,2025-01-24,1049,2021,402,1,1057.11,9.1,Morning
1229,2024-11-26,1106,2034,402,3,1677.16,9.1,Morning
1230,2024-10-26,1186,2095,403,3,1537.26,9.1,Morning
1231,2024-06-03,1014,2045,402,2,1423.46,9.1,Morning
1232,2024-08-25,1075,2003,403,3,1141.95,9.1,Morning
1233,2024-08-22,1032,2013,401,2,4736.72,9.1,Morning
1234,2024-12-25,1011,2049,404,3,159.42,9.1,Morning
1235,2024-10-16,1112,2014,404,0,1561.72,9.1,Morning
1236,2024-11-09,1116,2073,402,3,1166.83,9.1,Morning
1237,2025-03-06,1135,2088,401,0,1413.54,9.1,Morning
1238,2025-02-24,1092,2057,402,3,756.3,9.1,Morning
1239,2024-08-22,1066,2013,402,3,4127.29,9.1,Morning
1240,2025-03-20,1015,2065,403,,112.56,9.1,Morning
1241,2024-12-04,1137,2073,403,0,1949.74,8.1,Morning
1242,2025-03-13,1131,2011,404,1,1545.87,8.1,Morning
1243,2024-11-14,1115,2094,402,0,1171.69,8.1,Morning
1244,2024-11-20,1189,2055,401,2,0.0,8.2,Morning
1245,2025-03-31,1071,2029,403,2,101.51,7.2,Afternoon
1246,2024-08-23,1090,2091,402,1,1317.14,9.2,Afternoon
1247,2024-06-12,1010,2069,403,2,1860.51,9.2,Afternoon
1248,2025-01-18,1116,2034,402,1,103.23,9.2,Afternoon
1249,2025-04-18,1031,2048,401,1,921.28,7.2,Afternoon
1250,2024-11-04,1005,2015,401,0,458.79,7.2,Afternoon
1251,2025-05-10,1091,2040,404,0,60.38,7.2,Afternoon
1252,2024-09-13,1032,2079,404,0,4755.79,7.2,Afternoon
1253,2025-04-03,1166,2009,404,0,48.4,7.2,Afternoon
1254,2025-01-13,1036,2022,401,1,966.13,7.5,Afternoon
1255,2024-06-17,1053,2084,403,3,867.52,7.5,Afternoon
1256,2024-08-11,1038,2085,402,0,108.46,7.5,Afternoon
1257,2024-08-24,1095,2033,403,,105.57,7.5,Afternoon
1258,2024-11-24,1036,2005,404,1,79.13,7.4,Afternoon
1259,2025-04-25,1066,2091,404,3,3214.7,7.4,Afternoon
1260,2025-01-08,1120,2032,402,2,1353.44,7.4,Afternoon
1261,2024-07-11,1146,2035,402,1,869.85,7.4,Afternoon
1262,2024-07-11,1157,2035,403,2,4882.81,7.4,Afternoon
1263,2025-01-23,1147,2034,402,2,1179.77,7.4,Afternoon
1264,2025-05-09,1005,2025,402,,1678.99,7.4,Afternoon
1265,2024-09-06,1002,2061,403,3,468.93,7.4,Afternoon
1266,2025-01-01,1030,2083,403,1,1623.63,7.4,Afternoon
1267,2024-11-29,1169,2054,403,,3390.32,7.4,Afternoon
1268,2025-05-20,1071,2014,401,2,727.87,7.4,Afternoon
1269,2024-11-20,1021,2064,402,1,1377.12,7.4,Afternoon
1270,2025-03-11,1089,2099,402,0,757.18,7.3,Afternoon
1271,2024-09-03,1135,2023,401,1,3879.97,7.3,Afternoon
1272,2024-08-03,1156,2025,403,,831.7,7.3,Afternoon
1273,2024-11-02,1107,2059,403,2,?,8.3,Afternoon
1274,2024-09-12,1079,2039,401,,1147.06,8.2,Afternoon
1275,2025-03-29,1062,2020,404,1,733.29,8.2,Afternoon
1276,2024-09-01,1035,2015,402,1,1533.14,8.2,Afternoon
1277,2024-06-05,1020,2098,404,3,293.49,8.2,Afternoon
1278,2025-02-26,1018,2096,403,0,1787.68,8.2,Afternoon
1279,2024-07-18,1149,2091,403,0,3792.92,8.2,Evening
1280,2025-05-17,1061,2085,404,3,1294.22,8.1,Afternoon
1281,2025-04-13,1185,2032,403,2,212.03,8.1,Afternoon
1282,2024-07-13,1062,2028,404,0,1661.21,8.1,Afternoon
1283,2024-11-30,1144,2066,404,,1684.5,9.1,Afternoon
1284,2025-01-11,1066,2035,403,3,3732.3,9.1,Evening
1285,2024-06-17,1112,2073,401,3,100.0,9.1,Evening
1286,2024-12-19,1089,2079,401,2,3573.55,9.3,Evening
1287,2024-10-19,1070,2006,403,2,363.15,9.3,Evening
1288,2024-12-17,1165,2046,403,1,129.93,9.3,Evening
1289,2024-10-12,1189,2029,403,0,22.66,9.3,Evening
1290,2024-11-07,1163,2079,402,3,4126.54,9.3,Evening
1291,2025-04-25,1043,2009,402,2,85.36,9.2,Evening
1292,2024-11-04,1050,2039,404,1,2897.72,9.2,Evening
1293,2024-11-04,1026,2094,403,0,488.41,9.2,Evening
1294,2025-03-30,1116,2035,401,1,1516.25,9.2,Evening
1295,2025-01-13,1034,2013,404,3,4992.68,9.2,Evening
1296,2024-08-19,1005,2049,403,2,563.94,9.2,Evening
1297,2024-10-26,1060,2040,401,1,125.84,9.2,Afternoon
1298,2025-02-07,1148,2097,404,0,3218.41,9.2,Afternoon
1299,2025-02-15,1165,2028,404,0,903.85,9.3,Afternoon
1300,2024-12-24,1116,2091,401,3,1165.46,9.3,Afternoon
1301,2025-01-30,1020,2093,401,3,1540.51,9.3,Afternoon
1302,2024-07-26,1169,2068,403,3,1102.24,9.3,Afternoon
1303,2025-01-29,1001,2006,403,0,1083.06,9.3,Afternoon
1304,2025-02-20,1063,2099,402,0,1015.2,9.3,Afternoon
1305,2024-07-20,1005,2087,404,3,320.09,9.3,Afternoon
1306,2024-10-17,1089,2079,403,1,1402.73,9.3,Afternoon
1307,2024-10-19,1020,2009,403,,147.48,9.3,Afternoon
1308,2024-06-26,1043,2097,401,,624.44,9.3,Afternoon
1309,2025-04-28,1017,2024,404,1,239.08,9.3,Afternoon
1310,2025-01-30,1089,2056,402,3,125.61,9.3,Afternoon
1311,2024-12-12,1030,2039,403,1,1253.23,9.3,Afternoon
1312,2024-07-12,1116,2043,404,3,1890.82,9.3,Afternoon
1313,2025-01-23,1071,2030,404,3,164.32,9.3,Afternoon
1314,2025-05-26,1168,2075,401,0,675.08,9.3,Afternoon
1315,2024-12-09,1136,2096,402,1,436.18,9.3,Afternoon
1316,2025-05-12,1111,2062,401,2,1238.84,9.3,Afternoon
1317,2024-10-03,1197,2013,401,0,3143.61,9.3,Afternoon
1318,2025-04-26,1164,2009,401,,36.35,9.3,Afternoon
1319,2025-05-19,1005,2067,402,0,242.37,9.2,Afternoon
1320,2025-05-15,1182,2029,404,0,63.41,8.2,Afternoon
1321,2025-04-26,1020,2035,403,3,2173.03,8.2,Afternoon
1322,2025-04-04,1116,2079,403,3,3695.78,8.2,Afternoon
1323,2025-04-27,1167,2034,404,3,785.41,8.2,Afternoon
1324,2025-04-05,1032,2013,404,,1080.0,8.1,Afternoon
1325,2025-02-01,1066,2091,401,2,3830.42,8.1,Afternoon
1326,2025-05-16,1177,2068,403,2,282.83,8.1,Afternoon
1327,2025-03-29,1022,2063,402,0,263.22,8.1,Afternoon
1328,2024-09-02,1047,2019,402,2,1142.41,8.1,Afternoon
1329,2024-12-26,1071,2092,403,,347.79,8.1,Afternoon
1330,2025-04-12,1044,2025,401,1,1035.91,8.,Afternoon
1331,2024-09-01,1085,2056,401,0,1223.24,8.1,Afternoon
1332,2024-09-26,1089,2019,404,0,1264.62,8.1,Afternoon
1333,2025-05-09,1036,2087,402,,0.0,8.1,Afternoon
1334,2024-06-26,1145,2035,401,0,4207.99,8.1,Afternoon
1335,2024-11-27,1098,2039,404,1,3256.74,8.1,Afternoon
1336,2024-10-17,1116,2019,404,2,1790.89,8.1,Afternoon
1337,2025-02-21,1099,2020,403,3,330.77,8.1,Evening
1338,2024-11-22,1138,2051,402,2,841.3,8.1,Evening
1339,2025-04-20,1115,2049,404,2,309.57,8.1,Evening
1340,2024-12-10,1071,2093,403,3,648.45,8.1,Evening
1341,2024-11-02,1138,2038,404,,1125.8,8.1,Evening
1342,2024-08-04,1132,2056,401,3,386.06,8.1,Evening
1343,2025-05-26,1196,2079,402,2,4406.14,8.1,Evening
1344,2024-07-25,1080,2097,401,0,539.01,8.1,Evening
1345,2025-04-12,1066,2040,402,1,19.24,8.1,Evening
1346,2025-01-02,1114,2090,402,0,361.63,8.1,Evening
1347,2025-04-19,1066,2079,404,3,1765.56,8.1,Afternoon
1348,2025-04-07,1066,2018,404,0,792.85,8.1,Afternoon
1349,2024-10-30,1034,2046,404,1,12.78,8.1,Afternoon
1350,2024-11-30,1088,2010,403,,635.2,8.1,Afternoon
1351,2024-11-02,1071,2041,403,0,4926.07,8.2,Afternoon
1352,2024-12-01,1151,2021,403,1,1964.97,8.2,Afternoon
1353,2025-04-28,1089,2006,402,2,894.25,8.2,Afternoon
1354,2024-06-18,1194,2084,401,0,1957.58,8.2,Afternoon
1355,2025-01-02,1004,2029,404,0,47.84,8.1,Afternoon
1356,2024-10-28,1131,2054,404,1,3736.03,8.1,Afternoon
1357,2024-12-15,1068,2091,401,2,4531.19,8.5,Afternoon
1358,2024-06-10,1066,2023,403,,1566.25,8.5,Evening
1359,2024-07-07,1034,2043,401,3,695.26,8.5,Evening
1360,2025-01-21,1014,2025,401,0,0.0,8.5,Evening
1361,2025-03-17,1034,2049,403,1,434.73,8.5,Evening
1362,2025-05-28,1047,2093,401,0,1949.67,8.5,Evening
1363,2024-09-16,1147,2089,401,0,1704.8,8.5,Evening
1364,2025-03-03,1005,2075,403,2,539.35,8.5,Evening
1365,2024-10-17,1034,2087,403,1,172.43,8.5,Evening
1366,2024-10-17,1158,2055,401,3,1501.32,8.5,Evening
1367,2024-07-07,1092,2077,401,2,1497.28,8.5,Evening
1368,2024-11-28,1195,2069,402,1,738.15,7.5,Evening
1369,2024-11-23,1103,2059,404,3,97.74,7.5,Evening
1370,2024-07-28,1161,2054,401,1,4757.19,7.5,Evening
1371,2024-08-29,1032,2054,402,,1865.85,7.5,Morning
1372,2025-05-16,1058,2039,404,1,3496.05,7.5,Morning
1373,2024-10-19,1089,2077,403,3,861.87,7.5,Morning
1374,2024-06-06,1040,2040,404,1,57.75,7.5,Morning
1375,2024-10-27,1032,2060,401,,529.91,7.5,Morning
1376,2025-05-12,1080,2060,403,2,1808.62,7.5,Morning
1377,2025-05-20,1146,2029,402,1,75.77,7.5,Morning
1378,2024-06-08,1024,2018,403,3,1805.84,7.5,Morning
1379,2025-05-14,1017,2099,402,2,759.38,7.5,Morning
1380,2025-03-12,1057,2041,403,3,4026.58,7.5,Morning
1381,2025-05-17,1080,2068,402,1,1215.3,7.5,Morning
1382,2024-07-20,1188,2067,403,3,1646.24,7.5,Morning
1383,2024-06-06,1036,2013,404,,4594.13,7.5,Evening
1384,2024-08-01,1142,2091,403,2,1390.01,7.5,Evening
1385,2024-12-28,1150,2013,401,,2646.96,7.5,Evening
1386,2024-07-29,1096,2080,404,3,1245.51,7.5,Evening
1387,2025-03-05,1082,2072,401,0,1441.65,7.5,Afternoon
1388,2024-12-02,1035,2097,402,1,2121.43,7.3,Afternoon
1389,2024-10-21,1089,2063,404,3,822.18,7.3,Afternoon
1390,2024-08-03,1053,2014,403,0,1137.48,7.3,Afternoon
1391,2024-06-22,1057,2005,402,1,318.46,7.3,Afternoon
1392,2024-10-07,1162,2002,403,3,128.25,7.4,Afternoon
1393,2024-12-24,1032,2019,403,1,1185.15,7.4,Afternoon
1394,2024-06-04,1159,2097,403,1,3893.77,7.4,Afternoon
1395,2024-09-13,1020,2083,403,3,1320.25,7.4,Afternoon
1396,2024-12-06,1047,2079,401,1,3065.93,7.4,Afternoon
1397,2025-02-28,1172,2039,403,0,1534.15,7.4,Afternoon
1398,2025-04-23,1055,2039,401,1,1428.59,8.4,Afternoon
1399,2025-05-13,1083,2050,402,3,606.42,8.4,Afternoon
1400,2025-05-28,1063,2019,401,0,4760.54,8.3,Afternoon
1401,2025-05-08,1097,2020,401,,422.03,8.3,Evening
1402,2024-11-11,1019,2013,403,0,1682.27,8.2,Evening
1403,2025-05-08,1052,2013,404,0,1556.61,8.2,Evening
1404,2025-04-16,1142,2013,404,,1469.64,9.2,Evening
1405,2024-11-04,1009,2059,404,0,135.87,9.2,Evening
1406,2024-06-28,1071,2092,404,2,580.33,9.2,Evening
1407,2025-04-17,1032,2083,401,3,1420.75,9.2,Afternoon
1408,2025-03-17,1190,2054,401,3,2950.66,9.2,Afternoon
1409,2024-10-27,1185,2018,403,2,1181.41,9.2,Afternoon
1410,2024-10-26,1196,2091,404,3,1639.4,9.2,Afternoon
1411,2024-07-27,1165,2096,402,2,1726.44,9.4,Afternoon
1412,2025-01-03,1138,2095,402,1,1594.94,9.4,Afternoon
1413,2025-03-29,1107,2064,401,0,1123.37,9.4,Afternoon
1414,2025-05-11,1175,2042,404,2,820.17,9.4,Afternoon
1415,2025-01-17,1147,2052,401,3,1403.19,9.2,Evening
1416,2025-03-01,1129,2063,402,2,841.93,9.2,Evening
1417,2025-03-29,1024,2024,401,,453.82,7.2,Evening
1418,2025-03-30,1017,2019,404,3,3189.02,7.3,Evening
1419,2024-10-16,1077,2075,404,0,1955.18,7.3,Evening
1420,2024-12-03,1065,2049,401,2,1385.45,7.3,Evening
1421,2025-05-30,1124,2011,404,0,1462.34,7.3,Evening
1422,2025-02-14,1116,2043,402,3,654.14,7.3,Evening
1423,2025-03-11,1055,2012,401,0,916.64,7.3,Evening
1424,2024-12-03,1178,2068,401,0,1007.64,7.3,Evening
1425,2025-04-27,1041,2039,403,1,845.69,7.3,Evening
1426,2024-11-28,1005,2083,402,0,485.67,7.3,Evening
1427,2025-04-14,1126,2091,401,1,4904.59,8.3,Evening
1428,2024-12-28,1032,2089,404,,1402.93,8.3,Evening
1429,2025-01-07,1032,2079,404,,4450.01,8.3,Afternoon
1430,2025-01-21,1129,2017,401,,414.24,8.1,Afternoon
1431,2024-08-21,1139,2033,404,,411.74,8.1,Afternoon
1432,2024-11-08,1059,2041,402,3,769.97,8.1,Afternoon
1433,2025-03-15,1020,2001,403,1,525.17,8.1,Afternoon
1434,2024-11-28,1032,2027,401,0,297.56,8.1,Afternoon
1435,2024-12-05,1017,2009,402,3,60.64,8.1,Afternoon
1436,2024-09-01,1015,2005,403,0,1466.67,8.1,Afternoon
1437,2024-10-27,1057,2016,404,3,1523.09,8.7,Afternoon
1438,2024-08-04,1073,2009,404,3,21.88,8.7,Afternoon
1439,2025-04-24,1034,2050,403,2,1093.82,8.7,Afternoon
1440,2024-10-11,1120,2049,402,0,1951.69,8.7,Afternoon
1441,2024-12-11,1016,2041,403,1,4576.15,8.7,Afternoon
1442,2025-04-29,1089,2024,403,3,1215.63,8.7,Evening
1443,2025-01-24,1116,2088,403,2,1128.16,8.7,Evening
1444,2024-08-24,1133,2041,402,2,3413.65,8.7,Evening
1445,2024-12-02,1032,2072,404,1,190.5,8.7,Evening
1446,2024-07-22,1140,2000,401,2,936.78,8.2,Evening
1447,2025-05-29,1070,2053,402,3,1004.64,8.2,Evening
1448,2024-07-16,1080,2023,401,0,816.26,8.2,Evening
1449,2024-07-15,1032,2095,404,0,708.33,8.2,Evening
1450,2025-01-02,1110,2035,403,2,1182.66,8.2,Evening
1451,2024-12-15,1056,2079,402,0,910.3,8.2,Evening
1452,2025-02-24,1069,2015,401,3,946.04,8.2,Evening
1453,2024-08-08,1071,2013,402,3,3198.72,8.2,Evening
1454,2024-11-01,1066,2052,404,3,1513.85,8.2,Evening
1455,2024-06-10,1052,2062,404,2,1023.11,8.2,Evening
1456,2024-12-30,1155,2023,401,3,2318.03,8.2,Evening
1457,2024-08-30,1070,2041,402,3,3589.21,8.2,Evening
1458,2024-12-18,1016,2002,404,2,1007.37,9.1,Evening
1459,2025-02-17,1022,2044,402,2,378.66,9.1,Afternoon
1460,2025-04-10,1153,2025,401,2,495.73,9.1,Afternoon
1461,2025-02-09,1034,2097,403,2,2461.52,9.1,Afternoon
1462,2025-04-16,1005,2070,401,0,90.17,9.1,Afternoon
1463,2025-03-14,1189,2097,404,1,4134.78,9.1,Afternoon
1464,2024-08-20,1017,2034,402,3,769.41,9.3,Afternoon
1465,2024-08-14,1047,2013,403,2,593.23,9.3,Afternoon
1466,2024-12-04,1116,2091,402,1,4254.26,9.3,Afternoon
1467,2024-12-20,1062,2090,401,1,1521.3,9.2,Afternoon
1468,2024-06-29,1000,2097,404,3,3768.06,9.2,Afternoon
1469,2025-04-23,1165,2045,404,3,1722.96,9.2,Afternoon
1470,2024-07-23,1066,2047,403,3,634.06,9.2,Evening
1471,2024-06-11,1192,2079,402,1,1858.87,9.2,Evening
1472,2024-09-08,1071,2032,404,3,449.15,9.2,Evening
1473,2024-07-25,1062,2081,401,0,1823.31,9.2,Evening
1474,2025-04-22,1019,2045,404,,1701.99,9.2,Evening
1475,2024-06-29,1079,2021,401,1,1145.1,9.3,Evening
1476,2024-06-26,1161,2003,404,3,686.76,8.3,Evening
1477,2024-10-25,1149,2091,404,0,2965.95,8.3,Evening
1478,2025-02-28,1039,2048,403,3,1288.65,8.3,Afternoon
1479,2024-07-30,1050,2079,403,0,554.52,8.4,Afternoon
1480,2024-07-26,1049,2019,404,2,1447.77,8.9,Evening
1481,2025-05-29,1034,2091,401,1,2720.67,8.9,Evening
1482,2024-07-05,1087,2047,404,2,1118.45,8.9,Evening
1483,2025-04-26,1161,2067,402,2,1567.68,8.9,Evening
1484,2024-09-09,1111,2042,403,3,1203.8,8.9,Evening
1485,2025-03-21,1037,2028,402,1,1409.89,8.9,Evening
1486,2024-12-04,1102,2042,403,1,1899.56,8.9,Evening
1487,2025-01-20,1014,2055,402,0,772.24,8.7,Evening
1488,2024-10-03,1125,2050,402,1,1240.62,8.7,Evening
1489,2024-08-08,1089,2010,401,0,885.66,8.7,Evening
1490,2025-04-25,1178,2006,401,0,1968.22,8.7,Evening
1491,2024-10-25,1179,2073,401,,693.78,8.7,Evening
1492,2024-06-17,1010,2024,402,3,1207.07,8.7,Evening
1493,2024-12-30,1156,2019,404,2,3992.34,8.7,Evening
1494,2024-12-06,1057,2004,404,1,1630.03,8.7,Evening
1495,2024-10-22,1075,2051,404,1,1701.89,8.7,Evening
1496,2025-01-22,1032,2023,401,,1029.73,8.7,Evening
1497,2024-07-16,1038,2036,403,1,898.9,8.5,Evening
1498,2024-07-21,1171,2075,403,1,1329.55,7.5,Evening
1499,2024-10-24,1088,2013,403,3,4849.49,7.5,Evening
1500,2025-03-14,1115,2054,404,1,0.0,7.5,Evening
1501,2025-03-14,1106,2054,402,,2807.53,7.4,Evening
1502,2024-12-01,1051,2053,401,2,1610.41,7.4,Evening
1503,2024-10-27,1032,2064,402,2,1722.66,7.4,Evening
1504,2025-02-26,1100,2075,402,0,1452.26,7.4,Evening
1505,2024-12-14,1193,2036,403,,1931.92,7.4,Evening
1506,2024-06-28,1106,2077,402,1,635.55,7.4,Evening
1507,2025-01-15,1071,2074,403,0,129.06,7.4,Evening
1508,2025-05-16,1101,2013,401,2,4547.72,7.4,Evening
1509,2025-05-10,1020,2084,401,1,1127.1,7.4,Morning
1510,2025-03-13,1099,2042,402,1,887.53,7.4,Morning
1511,2024-10-11,1032,2023,403,2,2370.09,7.4,Morning
1512,2025-04-29,1116,2097,403,0,1200.06,7.4,Morning
1513,2024-07-21,1061,2041,402,3,2752.08,7.4,Morning
1514,2025-04-03,1130,2039,403,2,2089.58,7.4,Morning
1515,2024-11-01,1020,2079,401,1,1221.53,7.4,Morning
1516,2025-03-26,1122,2096,403,,1595.7,7.4,Morning
1517,2024-11-14,1198,2027,402,3,1508.08,7.4,Morning
1518,2024-06-29,1058,2099,404,3,1302.93,6.4,Morning
1519,2024-08-22,1032,2039,403,,2176.42,6.4,Morning
1520,2024-10-14,1001,2059,401,0,1144.75,6.4,Morning
1521,2024-07-19,1032,2070,403,0,99.33,6.4,Morning
1522,2024-09-09,1108,2019,401,1,4170.62,6.4,Evening
1523,2025-05-31,1105,2067,403,,634.65,6.4,Evening
1524,2024-06-10,1083,2019,402,0,928.21,6.4,Evening
1525,2024-09-16,1031,2035,401,2,3922.85,6.4,Evening
1526,2025-03-02,1020,2070,403,2,66.51,6.4,Evening
1527,2025-05-08,1107,2054,403,1,4770.43,6.4,Afternoon
1528,2024-12-24,1032,2054,404,2,4728.46,6.4,Afternoon
1529,2025-04-25,1089,2039,401,0,3779.37,6.4,Afternoon
1530,2024-07-23,1174,2052,401,2,1473.21,6.4,Afternoon
1531,2025-04-05,1060,2035,404,2,2320.34,6.4,Afternoon
1532,2024-12-24,1073,2039,401,2,2739.55,6.4,Afternoon
1533,2025-05-24,1048,2088,402,0,535.12,6.4,Afternoon
1534,2025-02-11,1071,2093,401,1,589.27,6.4,Afternoon
1535,2024-07-18,1071,2089,401,2,331.55,6.4,Afternoon
1536,2025-02-17,1094,2046,404,2,38.22,6.4,Afternoon
1537,2025-01-07,1089,2035,404,2,1634.5,6.4,Afternoon
1538,2024-11-15,1034,2067,403,0,324.36,6.4,Afternoon
1539,2024-09-22,1003,2097,401,2,1509.42,6.4,Afternoon
1540,2024-08-23,1122,2034,402,3,83.43,6.4,Afternoon
1541,2024-09-05,1056,2070,402,2,106.59,6.4,Afternoon
1542,2024-09-20,1079,2002,401,0,601.49,6.4,Afternoon
1543,2025-03-24,1171,2078,402,0,88.16,6.4,Afternoon
1544,2025-03-08,1107,2000,404,0,1455.72,6.4,Afternoon
1545,2024-11-12,1069,2080,404,2,970.12,6.4,Afternoon
1546,2024-08-21,1034,2045,404,2,890.11,6.4,Afternoon
1547,2024-12-18,1026,2017,402,0,854.1,6.4,Afternoon
1548,2025-05-31,1032,2028,402,0,72.81,6.4,Afternoon
1549,2024-12-23,1020,2057,402,1,232.34,6.4,Afternoon
1550,2024-09-11,1191,2097,402,,2934.84,6.3,Afternoon
1551,2025-01-17,1001,2062,402,2,1032.22,6.3,Afternoon
1552,2024-09-03,1000,2044,403,1,240.15,6.3,Afternoon
1553,2025-01-03,1020,2023,402,1,1440.82,6.3,Afternoon
1554,2024-07-26,1169,2079,402,,3758.28,6.3,Afternoon
1555,2024-10-25,1194,2079,402,1,534.3,6.3,Afternoon
1556,2024-10-27,1175,2053,401,1,349.79,6.3,Afternoon
1557,2024-07-16,1116,2097,403,1,3174.21,6.2,Afternoon
1558,2025-01-18,1032,2078,404,2,1856.12,6.2,Afternoon
1559,2025-03-20,1050,2048,404,0,297.22,6.2,Afternoon
1560,2024-06-23,1136,2014,404,1,400.6,6.2,Afternoon
1561,2025-04-18,1061,2065,401,0,1098.25,6.2,Afternoon
1562,2024-09-14,1034,2005,404,1,1590.55,6.2,Afternoon
1563,2025-02-06,1116,2009,404,0,55.06,6.2,Afternoon
1564,2024-08-08,1086,2013,401,0,3753.91,6.2,Afternoon
1565,2024-07-06,1066,2035,404,0,4524.32,6.2,Afternoon
1566,2025-01-13,1034,2045,403,0,1032.84,6.2,Evening
1567,2024-09-27,1040,2023,404,0,4209.61,6.2,Evening
1568,2024-09-26,1010,2046,401,3,93.89,6.2,Evening
1569,2024-06-01,1062,2081,403,2,840.11,6.2,Evening
1570,2024-12-18,1116,2065,402,2,764.11,6.2,Evening
1571,2025-03-28,1096,2070,401,0,43.65,6.2,Evening
1572,2024-12-27,1117,2002,402,0,141.62,6.2,Evening
1573,2024-07-21,1135,2097,401,2,3397.0,6.2,Evening
1574,2024-12-14,1063,2048,402,0,522.34,6.1,Afternoon
1575,2025-01-25,1005,2037,402,2,359.26,6.1,Afternoon
1576,2024-09-07,1183,2097,404,2,1633.32,6.1,Afternoon
1577,2024-11-22,1005,2079,402,2,4398.23,6.1,Afternoon
1578,2024-06-19,1058,2047,403,1,1920.48,6.1,Afternoon
1579,2025-05-01,1066,2039,404,2,4819.87,6.1,Afternoon
1580,2024-12-10,1005,2093,401,1,587.09,6.1,Afternoon
1581,2025-02-18,1034,2043,401,0,618.18,6.1,Evening
1582,2024-08-24,1089,2097,403,0,1498.45,6.1,Evening
1583,2024-07-29,1066,2058,404,0,1232.59,6.1,Evening
1584,2024-08-22,1161,2063,402,2,126.46,6.1,Evening
1585,2024-11-07,1066,2096,404,2,235.85,6.1,Evening
1586,2025-05-18,1199,2067,401,,1649.68,6.1,Evening
1587,2025-05-31,1066,2046,401,0,62.82,6.1,Evening
1588,2024-11-25,1067,2076,401,3,1770.45,6.1,Morning
1589,2025-01-28,1156,2017,401,,1626.6,6.1,Morning
1590,2025-04-16,1147,2097,403,3,2043.28,6.1,Morning
1591,2024-06-12,1005,2023,402,1,2530.81,6.1,Morning
1592,2024-10-13,1023,2013,403,3,692.84,6.1,Morning
1593,2024-10-25,1089,2079,404,0,931.93,6.1,Morning
1594,2025-02-27,1004,2024,401,1,825.77,6.1,Morning
1595,2024-12-28,1195,2023,404,,1457.84,6.1,Morning
1596,2025-05-16,1065,2045,401,1,262.11,6.1,Morning
1597,2025-01-03,1195,2018,402,2,1928.1,6.1,Morning
1598,2024-07-19,1141,2097,404,2,2645.99,6.1,Morning
1599,2025-01-22,1135,2013,402,2,1058.62,6.1,Morning
1600,2024-07-13,1176,2077,401,0,607.24,6.1,Morning
1601,2024-08-15,1032,2074,402,3,1166.79,6.1,Morning
1602,2024-10-28,1075,2082,404,2,1577.88,6.1,Morning
1603,2024-12-21,1145,2054,401,2,4065.34,6.1,Morning
1604,2025-04-11,1048,2035,403,3,3019.32,6.1,Evening
1605,2025-05-10,1179,2097,404,0,2379.67,6.2,Evening
1606,2025-04-24,1044,2039,402,1,3481.44,6.2,Evening
1607,2025-04-30,1133,2097,401,2,4537.63,6.2,Evening
1608,2025-05-17,1030,2088,404,1,1538.06,6.2,Evening
1609,2024-12-13,1020,2097,404,2,827.62,6.2,Evening
1610,2025-03-31,1032,2012,402,2,1961.92,6.2,Evening
1611,2025-03-01,1049,2051,402,2,580.21,6.2,Evening
1612,2025-04-26,1042,2028,401,,896.78,6.2,Evening
1613,2024-11-02,1016,2014,404,0,427.0,6.2,Evening
1614,2024-12-29,1006,2019,404,2,3334.38,6.3,Afternoon
1615,2024-07-02,1013,2099,402,1,1901.38,6.2,Afternoon
1616,2025-01-10,1012,2028,403,3,1217.73,6.2,Afternoon
1617,2024-11-02,1032,2092,404,3,1212.81,6.2,Afternoon
1618,2024-10-17,1023,2062,404,0,1152.57,6.2,Afternoon
1619,2025-05-09,1020,2097,403,,1412.0,6.2,Afternoon
1620,2024-09-04,1080,2021,402,3,1112.14,6.4,Afternoon
1621,2024-07-04,1116,2010,402,,1513.16,6.4,Afternoon
1622,2024-09-06,1171,2046,404,2,36.65,6.4,Afternoon
1623,2024-11-18,1139,2041,401,1,1953.6,6.4,Afternoon
1624,2024-07-29,1130,2019,404,0,1422.01,6.4,Afternoon
1625,2024-09-11,1032,2018,404,3,382.12,6.4,Afternoon
1626,2024-08-17,1116,2062,402,1,1864.64,6.4,Evening
1627,2024-11-10,1087,2062,404,3,501.68,6.4,Evening
1628,2025-03-29,1066,2022,403,2,1513.03,6.4,Evening
1629,2025-05-17,1005,2015,404,0,1879.48,6.4,Evening
1630,2024-09-06,1199,2001,403,3,214.49,6.4,Evening
1631,2025-04-05,1089,2029,401,2,56.91,6.4,Evening
1632,2025-05-29,1175,2039,402,1,3067.78,6.3,Evening
1633,2024-10-11,1116,2005,403,2,1742.75,6.3,Evening
1634,2025-05-16,1034,2004,402,3,1216.53,6.3,Evening
1635,2025-02-02,1074,2038,403,0,602.95,6.3,Evening
1636,2024-11-20,1117,2096,401,3,1851.12,6.3,Evening
1637,2024-09-05,1114,2025,402,,586.06,6.,Evening
1638,2025-03-13,1016,2084,404,3,342.34,6.3,Evening
1639,2025-01-02,1129,2019,402,1,3873.94,6.3,Evening
1640,2025-03-16,1174,2051,402,1,1406.23,6.2,Evening
1641,2025-04-20,1092,2049,404,2,1159.93,6.2,Evening
1642,2024-06-14,1020,2022,403,2,1871.75,6.2,Evening
1643,2024-11-02,1050,2039,403,1,1098.94,6.2,Evening
1644,2024-12-11,1068,2028,402,0,370.62,6.2,Evening
1645,2024-07-05,1083,2054,404,2,4858.83,6.2,Evening
1646,2024-08-10,1056,2028,403,2,1727.88,6.2,Evening
1647,2025-05-10,1005,2003,404,3,1139.44,6.2,Evening
1648,2024-06-07,1124,2036,403,1,1265.2,6.2,Evening
1649,2025-04-18,1147,2019,404,1,2846.94,6.2,Evening
1650,2025-02-08,1068,2011,403,2,622.62,6.2,Evening
1651,2024-07-15,1051,2023,403,1,2641.35,6.1,Evening
1652,2025-04-06,1060,2057,403,,568.22,6.2,Evening
1653,2025-04-07,1164,2036,401,,940.43,6.1,Evening
1654,2024-12-30,1031,2067,404,1,63.12,6.1,Evening
1655,2024-10-23,1089,2017,403,3,1913.31,6.1,Evening
1656,2025-04-13,1106,2057,404,1,1426.9,6.1,Evening
1657,2024-12-06,1171,2054,404,2,4287.09,6.1,Evening
1658,2024-09-26,1077,2015,401,3,99.52,6.1,Evening
1659,2025-05-09,1034,2041,403,1,1563.9,6.3,Evening
1660,2025-01-11,1029,2040,401,2,14.73,6.3,Morning
1661,2024-08-24,1142,2087,401,2,1073.34,6.3,Morning
1662,2024-10-31,1183,2063,402,3,620.7,6.3,Morning
1663,2024-11-08,1033,2065,402,2,1919.45,6.3,Morning
1664,2024-12-09,1044,2013,402,0,3229.61,6.3,Morning
1665,2025-04-19,1160,2009,401,0,82.74,6.2,Morning
1666,2024-11-09,1052,2059,403,,969.74,6.2,Morning
1667,2024-12-07,1032,2023,403,2,4879.83,6.2,Morning
1668,2024-12-18,1034,2073,401,0,1562.26,6.2,Morning
1669,2025-01-24,1168,2093,401,1,1922.68,6.2,Morning
1670,2025-01-11,1032,2025,404,1,1328.02,6.2,Morning
1671,2025-05-20,1007,2029,402,1,133.42,6.2,Morning
1672,2025-05-16,1083,2074,401,1,330.55,6.2,Morning
1673,2025-04-25,1093,2031,402,2,288.21,6.2,Morning
1674,2025-02-17,1190,2028,402,2,88.14,5.2,Morning
1675,2024-10-12,1147,2099,404,0,921.31,5.2,Morning
1676,2025-03-29,1112,2039,402,1,1609.2,5.6,Morning
1677,2025-04-26,1134,2092,401,2,1904.91,5.7,Morning
1678,2025-05-13,1033,2019,402,3,3767.49,5.7,Afternoon
1679,2024-06-23,1034,2033,404,3,1036.54,5.7,Afternoon
1680,2024-12-19,1053,2092,403,2,1292.98,5.7,Afternoon
1681,2024-11-02,1034,2041,403,3,4166.03,5.7,Afternoon
1682,2025-04-10,1028,2044,402,0,340.97,5.7,Afternoon
1683,2024-12-21,1186,2095,403,0,982.04,5.7,Afternoon
1684,2025-01-16,1049,2035,401,3,3590.48,5.3,Afternoon
1685,2024-12-03,1029,2013,402,0,1031.36,5.3,Afternoon
1686,2025-01-31,1117,2096,402,,1504.74,5.3,Afternoon
1687,2024-07-08,1005,2023,401,0,3753.5,5.3,Afternoon
1688,2025-01-19,1194,2031,402,1,1165.17,5.3,Afternoon
1689,2024-11-14,1137,2023,404,2,966.33,5.3,Afternoon
1690,2025-03-07,1025,2013,404,1,4369.3,5.3,Afternoon
1691,2024-12-21,1034,2041,404,1,2150.27,5.3,Afternoon
1692,2025-05-21,1016,2094,401,1,1159.3,5.3,Afternoon
1693,2024-10-17,1149,2002,401,3,587.15,5.3,Afternoon
1694,2024-11-11,1083,2049,403,1,102.73,5.3,Afternoon
1695,2025-05-11,1199,2023,404,3,3264.13,5.3,Afternoon
1696,2024-11-28,1071,2039,401,0,4378.84,5.2,Afternoon
1697,2024-06-10,1116,2067,401,2,359.27,5.2,Afternoon
1698,2025-04-19,1001,2041,401,0,2134.34,5.2,Afternoon
1699,2025-04-28,1144,2081,404,2,773.23,5.2,Afternoon
1700,2024-12-24,1089,2054,402,2,978.91,5.2,Afternoon
1701,2025-04-04,1111,2013,401,0,619.9,5.2,Afternoon
1702,2025-05-01,1141,2091,404,0,2407.12,5.2,Afternoon
1703,2024-06-19,1066,2085,403,1,1743.44,5.2,Afternoon
1704,2024-07-16,1015,2025,401,0,950.8,5.2,Afternoon
1705,2024-09-03,1034,2036,403,2,439.01,5.2,Afternoon
1706,2024-11-05,1071,2039,404,2,3665.33,5.2,Afternoon
1707,2024-12-26,1052,2013,403,1,1204.63,5.2,Afternoon
1708,2025-03-24,1065,2050,404,0,174.95,5.2,Afternoon
1709,2024-09-07,1032,2013,403,3,4842.86,5.2,Afternoon
1710,2025-01-03,1066,2006,404,3,542.02,5.2,Evening
1711,2024-06-08,1149,2097,401,2,1917.71,5.2,Evening
1712,2025-01-23,1081,2005,403,0,630.38,5.2,Evening
1713,2025-04-01,1101,2067,404,0,1201.12,5.2,Evening
1714,2025-01-31,1097,2095,403,3,339.46,5.2,Evening
1715,2024-11-29,1124,2034,402,1,901.94,5.2,Evening
1716,2024-08-26,1131,2076,403,0,919.83,5.2,Evening
1717,2024-06-07,1067,2079,402,,2820.07,5.2,Evening
1718,2025-03-28,1043,2079,401,0,3471.98,5.2,Evening
1719,2024-09-14,1139,2010,402,3,1800.02,5.2,Evening
1720,2024-07-06,1005,2068,403,0,1710.23,5.2,Evening
1721,2025-05-22,1066,2029,402,3,133.68,5.4,Evening
1722,2024-12-07,1059,2056,403,0,170.34,5.4,Evening
1723,2024-06-12,1107,2060,401,1,791.49,5.4,Evening
1724,2024-07-06,1023,2085,401,3,1201.34,5.4,Evening
1725,2025-03-16,1108,2064,402,3,1998.14,5.4,Evening
1726,2025-05-08,1162,2013,403,0,4057.12,5.4,Evening
1727,2025-03-16,1090,2063,402,2,1626.54,5.4,Evening
1728,2024-12-15,1005,2099,404,3,1298.0,5.4,Evening
1729,2025-04-21,1179,2078,404,1,1874.34,5.4,Morning
1730,2024-11-13,1130,2009,404,,24.31,5.4,Morning
1731,2024-07-30,1091,2031,404,1,?,5.4,Morning
1732,2025-05-21,1199,2097,404,1,4461.5,5.4,Morning
1733,2024-07-27,1122,2097,404,0,3304.58,5.4,Morning
1734,2024-06-28,1054,2014,402,1,1752.61,5.4,Morning
1735,2025-02-13,1071,2052,401,1,546.3,5.4,Morning
1736,2024-12-16,1089,2089,401,2,592.91,5.4,Morning
1737,2024-10-01,1066,2054,403,1,1731.2,5.4,Afternoon
1738,2025-03-15,1016,2094,404,0,297.22,5.4,Afternoon
1739,2024-09-14,1192,2005,401,3,333.65,5.4,Afternoon
1740,2024-09-19,1105,2013,402,1,3319.66,5.4,Afternoon
1741,2025-05-14,1157,2079,402,3,2972.98,5.4,Afternoon
1742,2024-10-04,1145,2009,403,2,122.5,5.4,Afternoon
1743,2024-06-21,1116,2086,402,,981.63,5.4,Afternoon
1744,2024-10-23,1097,2005,403,3,1381.39,5.4,Afternoon
1745,2024-06-27,1137,2071,404,2,1952.94,5.4,Afternoon
1746,2025-01-13,1020,2070,401,0,93.18,5.4,Afternoon
1747,2025-01-15,1034,2039,403,2,4993.88,5.4,Afternoon
1748,2025-01-30,1189,2078,404,3,1588.9,5.4,Afternoon
1749,2024-09-15,1020,2040,404,2,14.09,5.4,Afternoon
1750,2024-11-19,1196,2029,402,0,43.95,5.4,Afternoon
1751,2025-03-14,1103,2016,402,2,155.68,5.4,Afternoon
1752,2024-11-03,1155,2009,401,3,36.14,5.4,Afternoon
1753,2024-08-12,1195,2054,404,3,1104.51,5.4,Afternoon
1754,2024-10-05,1034,2023,403,0,4598.24,5.4,Afternoon
1755,2025-04-09,1064,2066,404,0,1959.89,5.4,Afternoon
1756,2024-06-07,1132,2061,404,1,204.31,5.4,Afternoon
1757,2024-12-21,1091,2001,403,3,1712.85,5.4,Afternoon
1758,2025-01-09,1037,2021,401,2,1531.46,5.4,Evening
1759,2024-11-27,1089,2093,404,0,733.19,5.4,Evening
1760,2025-03-28,1020,2022,403,1,1763.37,5.4,Evening
1761,2024-10-23,1068,2079,403,2,2602.51,5.4,Evening
1762,2025-02-24,1019,2035,402,3,2917.7,5.4,Evening
1763,2025-03-07,1125,2079,401,3,1593.03,5.4,Evening
1764,2024-09-28,1190,2023,401,3,4188.41,5.4,Evening
1765,2025-04-26,1003,2007,401,3,1662.07,5.4,Evening
1766,2024-09-13,1049,2039,402,1,4522.07,5.4,Evening
1767,2024-10-12,1020,2019,401,3,2773.2,5.4,Evening,
1768,2024-12-06,1005,2029,403,2,69.85,5.4,Evening
1769,2025-03-29,1089,2060,402,0,1388.17,5.4,Evening
1770,2025-03-03,1171,2070,401,3,81.75,5.4,Evening
1771,2024-09-13,1098,2072,404,1,1540.45,5.4,Evening
1772,2024-12-27,1080,2089,402,0,926.36,5.4,Evening
1773,2024-07-27,1009,2093,404,1,1813.89,5.4,Evening
1774,2025-04-01,1151,2066,402,0,269.82,5.4,Evening
1775,2025-01-12,1007,2020,402,0,1136.24,5.4,Evening
1776,2024-08-27,1034,2001,402,0,1398.75,5.4,Evening
1777,2024-11-01,1029,2013,404,0,876.25,5.4,Evening
1778,2024-09-28,1023,2035,403,1,882.74,5.2,Evening
1779,2024-12-06,1032,2097,402,2,4920.99,5.2,Evening
1780,2024-10-06,1025,2035,401,3,515.79,5.2,Evening
1781,2025-03-27,1084,2075,404,0,1810.73,5.2,Evening
1782,2024-06-21,1171,2034,401,,816.33,5.2,Afternoon
1783,2024-10-26,1181,2035,403,,1957.69,5.2,Afternoon
1784,2024-11-04,1151,2039,404,,2152.78,5.2,Afternoon
1785,2024-12-17,1005,2037,402,3,1233.52,5.2,Afternoon
1786,2025-03-14,1138,2071,401,3,191.66,5.2,Afternoon
1787,2024-06-14,1109,2091,401,3,3176.16,5.2,Afternoon
1788,2024-07-23,1033,2089,403,1,640.32,5.2,Afternoon
1789,2024-07-04,1194,2073,403,0,754.35,5.2,Afternoon
1790,2024-12-06,1030,2058,403,1,800.94,5.2,Afternoon
1791,2024-08-16,1116,2039,404,3,1232.23,5.2,Afternoon
1792,2024-12-27,1131,2057,401,2,764.56,5.2,Afternoon
1793,2025-05-02,1089,2047,404,0,1570.03,5.2,Afternoon
1794,2024-07-23,1036,2054,404,0,724.01,5.2,Afternoon
1795,2025-01-05,1089,2006,404,1,1735.81,5.2,Afternoon
1796,2025-05-30,1143,2092,403,,1064.33,5.2,Afternoon
1797,2025-05-13,1046,2041,404,1,826.2,5.2,Afternoon
1798,2025-05-11,1197,2061,401,,1146.79,5.2,Afternoon
1799,2025-02-06,1023,2054,401,3,991.43,5.2,Afternoon
1800,2025-03-27,1116,2095,401,1,1731.28,5.2,Afternoon
1801,2024-11-16,1034,2013,404,,1912.6,5.2,Afternoon
1802,2024-06-07,1065,2083,401,2,688.1,5.2,Afternoon
1803,2024-09-27,1036,2066,404,1,853.64,5.2,Afternoon
1804,2024-07-26,1120,2052,401,1,444.26,5.2,Afternoon
1805,2024-10-04,1054,2092,401,,349.77,5.2,Afternoon
1806,2025-03-10,1103,2023,401,2,4467.42,5.2,Afternoon
1807,2025-03-16,1065,2030,403,1,167.93,5.2,Afternoon
1808,2025-04-12,1111,2079,404,1,4984.05,5.2,Afternoon
1809,2025-04-24,1128,2041,402,1,4916.29,5.2,Afternoon
1810,2025-04-30,1076,2017,401,0,916.45,5.2,Afternoon
1811,2024-09-21,1089,2042,403,3,1150.91,5.2,Evening
1812,2025-02-20,1034,2042,403,3,653.47,5.2,Evening
1813,2024-06-13,1026,2012,401,3,1885.74,5.2,Evening
1814,2024-07-11,1004,2041,404,0,1297.16,5.2,Evening
1815,2025-01-06,1158,2029,403,2,21.64,5.2,Evening
1816,2024-08-13,1066,2023,404,2,767.84,5.2,Evening
1817,2024-08-05,1179,2010,403,1,1864.48,5.2,Evening
1818,2025-04-29,1167,2075,403,2,600.91,5.,Evening
1819,2025-05-16,1195,2024,402,0,1431.18,5.2,Evening
1820,2024-12-24,1007,2085,401,,611.3,5.2,Evening
1821,2025-01-27,1020,2001,402,0,0.0,5.2,Evening
1822,2024-10-18,1054,2064,403,,1272.38,5.1,Evening
1823,2025-05-01,1167,2070,402,2,115.01,5.1,Evening
1824,2025-04-30,1087,2054,404,,4836.89,5.1,Evening
1824,2025-04-30,1087,2054,404,,4836.89,5.1,Evening
1824,2025-04-30,1087,2054,404,,4836.89,5.1,Evening
1824,2025-04-30,1087,2054,404,,4836.89,5.1,Evening
1825,2024-12-20,1164,2039,404,0,2240.86,5.1,Evening
1826,2024-11-16,1199,2030,404,1,1915.01,5.1,Evening
1827,2025-01-20,1073,2040,402,,74.19,5.1,Evening
1828,2025-03-04,1085,2029,402,0,39.75,5.1,Evening
1829,2024-10-30,1100,2019,404,1,3324.81,5.1,Evening
1830,2025-01-19,1199,2035,403,0,3817.53,5.1,Evening
1831,2024-06-14,1005,2005,403,3,523.8,5.1,Evening
1832,2024-08-02,1022,2056,402,0,1372.76,5.1,Evening
1833,2025-05-17,1116,2070,404,1,93.08,5.1,Evening
1834,2024-12-25,1042,2029,402,1,133.86,5.1,Evening
1835,2024-07-29,1133,2041,404,0,1067.37,5.1,Evening
1836,2025-04-29,1089,2028,401,3,378.08,5.1,Evening
1837,2025-01-12,1169,2054,401,3,3588.78,5.1,Evening
1838,2024-12-19,1197,2079,402,2,866.99,5.1,Evening
1839,2024-12-24,1191,2060,402,0,1057.69,6.1,Evening
1840,2025-02-10,1197,2029,404,1,147.07,6.1,Evening
1841,2024-12-28,1032,2065,403,2,1331.85,6.1,Evening
1842,2025-05-30,1032,2013,402,2,3313.72,6.1,Evening
1843,2025-04-04,1116,2019,403,2,3790.14,6.1,Evening
1844,2025-05-05,1191,2079,403,1,3529.07,6.1,Evening
1845,2025-02-22,1032,2035,401,1,1090.4,6.1,Evening
1846,2025-02-14,1032,2013,402,1,3995.81,6.1,Evening
1847,2024-07-25,1089,2052,403,0,1658.51,6.1,Evening
1848,2024-10-17,1059,2056,404,3,237.11,6.2,Evening
1849,2024-12-12,1066,2083,402,0,1772.75,6.2,Evening
1850,2025-01-31,1120,2039,401,1,4801.04,6.2,Evening
1851,2024-08-30,1007,2097,403,,1229.91,6.2,Evening
1852,2024-12-19,1051,2053,404,,841.43,6.2,Evening
1853,2025-04-21,1106,2050,404,0,1415.83,6.2,Evening
1854,2025-05-08,1005,2007,403,2,120.55,6.2,Evening
1855,2025-05-20,1050,2077,402,3,639.49,6.2,Evening
1856,2024-12-27,1071,2023,404,0,4858.96,6.2,Evening
1857,2024-09-13,1170,2054,403,1,2816.09,6.2,Evening
1858,2024-12-06,1010,2063,401,3,518.2,6.2,Evening
1859,2024-10-04,1021,2073,404,1,1619.75,6,Evening
1860,2025-04-22,1072,2023,403,2,1512.11,6.1,Evening
1861,2024-09-14,1034,2030,401,,1704.26,6.1,Evening
1862,2024-12-10,1095,2034,403,3,1149.25,6.1,Evening
1863,2024-09-18,1116,2091,403,2,2122.22,6.1,Evening
1864,2024-09-07,1120,2034,404,3,173.99,6.1,Evening
1865,2024-08-25,1020,2041,403,,535.64,6.1,Evening
1866,2024-10-12,1158,2039,401,1,3181.75,6.1,Evening
1867,2024-10-09,1147,2038,404,1,1746.73,6.1,Evening
1868,2024-09-21,1066,2079,401,2,3504.64,6.1,Evening
1869,2024-09-16,1050,2023,404,2,4487.59,6.1,Evening
1870,2024-08-28,1115,2028,404,0,1308.95,6.1,Evening
1871,2025-02-21,1135,2021,402,0,1120.52,6.1,Evening
1872,2024-07-10,1071,2029,403,2,34.67,6.1,Afternoon
1873,2025-04-23,1117,2091,401,1,1236.2,6.1,Afternoon
1874,2025-01-13,1006,2052,403,1,917.18,6.1,Afternoon
1875,2024-11-20,1102,2052,402,0,1826.5,6.1,Afternoon
1876,2025-01-11,1089,2056,401,,684.69,6.1,Afternoon
1877,2024-12-07,1009,2023,404,1,795.71,6.1,Afternoon
1878,2024-08-16,1049,2013,403,0,1479.28,6.1,Afternoon
1879,2024-11-04,1177,2023,401,1,2056.38,6.1,Afternoon
1880,2025-02-10,1100,2013,402,3,2047.86,6.1,Afternoon
1881,2025-02-15,1090,2084,402,1,1297.88,6.1,Afternoon
1882,2025-03-08,1179,2066,402,,973.68,6.1,Afternoon
1883,2025-02-03,1056,2028,402,3,732.52,6.1,Afternoon
1884,2024-06-15,1012,2058,401,3,1586.43,6.1,Afternoon
1885,2024-07-20,1040,2025,404,,293.13,6.1,Afternoon
1886,2024-11-03,1141,2097,402,3,4288.17,6.1,Afternoon
1887,2024-11-15,1067,2033,404,2,562.18,6.1,Afternoon
1888,2024-07-31,1055,2019,402,0,3894.72,6.1,Afternoon
1889,2024-09-27,1088,2085,402,1,1918.79,7.1,Afternoon
1890,2024-11-06,1158,2043,402,0,522.37,7.1,Afternoon
1891,2025-04-25,1122,2031,401,0,579.53,7.1,Afternoon
1892,2025-01-30,1026,2000,404,1,1902.07,7.1,Afternoon
1893,2025-03-09,1082,2019,402,1,757.99,7.1,Afternoon
1894,2025-03-14,1058,2092,404,3,1474.47,7.1,Afternoon
1895,2025-03-16,1089,2019,402,0,2426.54,7.1,Afternoon
1896,2025-02-15,1089,2040,401,0,62.64,7.1,Afternoon
1897,2025-05-27,1115,2045,402,,1631.85,7.1,Afternoon
1898,2024-06-08,1116,2009,404,0,20.26,6.1,Afternoon
1899,2024-08-23,1005,2079,404,3,3048.78,6.1,Afternoon
1900,2024-12-08,1116,2061,402,,1552.46,6.1,Afternoon
1901,2024-07-26,1172,2058,403,3,869.7,6.1,Afternoon
1902,2024-09-06,1053,2087,403,0,795.35,6.1,Afternoon
1903,2024-10-04,1089,2019,402,,811.64,6.1,Afternoon
1904,2025-04-05,1124,2034,403,3,603.98,6.1,Afternoon
1905,2024-06-03,1116,2071,404,2,1536.9,6.1,Afternoon
1906,2024-12-02,1114,2039,401,1,2064.01,6.1,Afternoon
1907,2025-02-02,1089,2079,402,1,669.36,6.1,Afternoon
1908,2025-02-24,1144,2023,404,0,3044.45,6.1,Afternoon
1909,2024-10-22,1097,2035,401,3,1306.61,6.1,Afternoon
1910,2024-10-19,1116,2086,402,1,1713.98,6.1,Evening
1911,2024-12-29,1158,2072,403,2,857.2,6.1,Evening
1912,2024-11-15,1084,2037,402,2,1593.83,6.1,Evening
1913,2024-10-02,1071,2031,403,3,1171.09,6.1,Evening
1914,2024-09-19,1004,2086,402,0,1025.98,6.1,Evening
1915,2024-07-24,1185,2073,403,1,65.55,6.1,Evening
1916,2025-04-25,1033,2023,401,0,1856.11,6.1,Evening
1917,2025-04-09,1073,2052,403,1,295.04,6.1,Evening
1918,2024-09-08,1020,2038,404,1,485.72,6.1,Evening
1919,2024-06-23,1089,2019,402,3,2270.67,6.1,Evening
1920,2024-10-21,1100,2039,403,3,2999.2,6.1,Afternoon
1921,2024-11-14,1146,2008,403,2,1406.74,6.1,Afternoon
1922,2024-11-03,1066,2097,403,,4506.12,6.2,Afternoon
1923,2024-08-18,1171,2004,402,3,566.99,6.2,Afternoon
1924,2024-08-25,1020,2091,404,3,2931.23,6.2,Afternoon
1925,2024-06-13,1166,2029,403,0,122.66,6.2,Afternoon
1926,2024-07-08,1124,2036,401,1,639.09,6.2,Afternoon
1927,2025-04-05,1071,2046,401,2,57.37,6.2,Afternoon
1928,2024-11-18,1192,2020,402,1,505.86,6.2,Afternoon
1929,2024-07-27,1005,2013,402,0,1487.57,6.2,Afternoon
1930,2024-09-13,1017,2015,404,2,70.88,6.2,Afternoon
1931,2025-04-11,1032,2044,403,0,1301.42,6.2,Afternoon
1932,2024-08-26,1116,2094,403,1,472.73,6.2,Afternoon
1933,2025-02-14,1033,2097,403,0,3729.65,6.2,Afternoon
1934,2025-05-17,1033,2054,401,3,1665.25,6.2,Afternoon
1935,2025-04-20,1198,2060,404,2,1263.48,6.2,Afternoon
1936,2025-04-02,1046,2006,404,1,1844.97,6.2,Afternoon
1937,2024-08-03,1161,2097,401,2,4111.99,6.2,Afternoon
1938,2024-12-23,1098,2068,403,1,996.66,6.2,Afternoon
1939,2025-01-03,1196,2023,401,0,1036.52,6.2,Afternoon
1940,2024-11-22,1060,2088,404,0,1787.17,6.2,Afternoon
1941,2025-04-26,1012,2062,403,1,737.42,6.2,Afternoon
1942,2024-12-23,1064,2022,403,0,386.69,6.2,Afternoon
1943,2024-07-29,1099,2031,402,1,753.4,6.2,Afternoon
1944,2024-09-26,1005,2054,403,3,1365.61,6.2,Afternoon
1945,2024-08-20,1177,2025,402,2,1760.56,6.2,Afternoon
1946,2025-04-02,1132,2076,403,,1618.66,6.2,Afternoon
1947,2024-06-05,1174,2064,403,,660.78,6.2,Afternoon
1948,2025-03-15,1065,2023,404,1,4449.42,6.2,Afternoon
1949,2025-02-25,1068,2091,404,1,2114.12,6.2,Afternoon
1950,2024-08-03,1102,2009,402,1,61.64,6.2,Afternoon
1951,2025-02-18,1020,2054,404,1,1921.12,6.2,Afternoon
1952,2025-01-21,1059,2059,402,1,1459.3,6.2,Afternoon
1953,2025-01-21,1010,2009,403,0,87.17,6.2,Afternoon
1954,2024-07-12,1066,2097,401,,4332.5,6.2,Afternoon
1955,2024-08-31,1016,2010,402,0,387.15,6.2,Afternoon
1956,2024-07-03,1130,2014,403,3,1094.78,6.2,Afternoon
1957,2025-05-29,1002,2039,401,2,763.19,6.2,Afternoon
1958,2024-10-04,1034,2086,401,,1161.53,6.2,Afternoon
1959,2024-12-03,1113,2061,402,2,1921.54,6.2,Afternoon
1960,2025-01-09,1102,2099,401,1,1334.08,6.2,Afternoon
1961,2024-07-18,1005,2022,401,0,174.73,6.2,Afternoon
1962,2024-09-24,1136,2019,403,0,4382.15,6.2,Afternoon
1963,2024-11-18,1104,2076,403,0,1051.69,6.3,Afternoon
1964,2024-08-22,1005,2079,404,1,780.75,6.3,Afternoon
1965,2024-10-18,1116,2024,404,0,0.0,6.3,Afternoon
1966,2025-01-05,1045,2097,402,0,2989.18,6.3,Afternoon
1967,2024-08-07,1157,2039,401,,3638.78,6.3,Afternoon
1968,2024-08-08,1111,2029,402,1,80.22,6.3,Afternoon
1969,2025-04-24,1052,2091,404,0,3357.5,6.3,Afternoon
1970,2025-04-20,1192,2051,402,0,1126.69,6.3,Afternoon
1971,2025-05-20,1066,2097,402,1,1185.6,6.3,Afternoon
1972,2025-01-25,1187,2044,402,0,684.47,6.3,Afternoon
1973,2025-05-10,1179,2091,404,0,3331.17,6.3,Afternoon
1974,2024-10-26,1001,2068,401,2,196.37,6.3,Afternoon
1975,2024-07-24,1104,2097,401,3,2899.58,6.3,Afternoon
1976,2024-09-10,1089,2022,401,1,784.9,6.2,Evening
1977,2025-02-05,1136,2021,403,0,924.02,6.2,Evening
1978,2024-10-04,1144,2020,403,2,1275.14,6.2,Evening
1979,2024-06-05,1076,2074,401,3,1253.82,6.2,Afternoon
1980,2024-11-11,1077,2091,404,0,3178.8,6.2,Afternoon
1981,2024-10-03,1065,2087,403,0,427.41,6.2,Afternoon
1982,2024-12-28,1077,2091,402,3,3334.61,6.2,Afternoon
1983,2024-08-24,1137,2013,404,0,1922.17,6.2,Afternoon
1984,2025-03-17,1005,2041,402,0,1127.93,6.1,Afternoon
1985,2024-11-22,1074,2007,401,1,1675.45,6.2,Afternoon
1986,2024-10-22,1071,2097,402,0,1873.05,6.1,Afternoon
1987,2025-03-26,1158,2060,403,0,861.19,6.1,Afternoon
1988,2025-04-14,1032,2001,401,,722.58,6.1,Afternoon
1989,2024-11-02,1026,2099,403,0,1903.12,6.1,Afternoon
1990,2024-11-01,1020,2024,404,2,1160.49,6.1,Afternoon
1991,2024-12-04,1184,2083,401,1,1303.34,6.1,Afternoon
1992,2024-06-15,1071,2088,401,,626.47,6.1,Afternoon
1993,2025-05-15,1153,2005,404,2,1139.32,6.1,Afternoon
1994,2025-05-07,1095,2013,404,1,4595.73,6.1,Afternoon
1995,2024-12-28,1122,2079,402,1,535.61,6.1,Afternoon
1996,2024-09-06,1165,2056,401,2,808.16,6.1,Afternoon
1997,2024-12-13,1083,2028,404,0,1644.67,6.1,Afternoon
1998,2024-12-11,1125,2017,403,2,374.14,6.1,Afternoon
1999,2025-03-31,1014,2035,404,1,4687.33,6.1,Afternoon
2000,2024-06-29,1120,2023,404,3,2912.32,6.1,Afternoon
2001,2024-12-13,1089,2091,403,1,3508.67,5.1,Afternoon
2002,2024-08-10,1035,2040,401,2,96.09,5.1,Afternoon
2003,2024-11-18,1034,2081,401,0,935.51,5.1,Evening
2004,2024-09-19,1089,2045,402,2,1589.47,5.1,Evening
2005,2024-11-22,1076,2073,404,2,1225.92,5.1,Evening
2006,2024-06-15,1034,2019,402,0,1578.41,5.1,Evening
2007,2025-01-11,1046,2004,404,1,1135.79,5.1,Evening
2008,2024-10-19,1032,2041,404,0,1050.02,5.1,Evening
2009,2025-02-02,1169,2054,402,0,3040.36,5.1,Evening
2010,2024-07-15,1122,2041,404,3,2205.05,5.2,Evening
2011,2024-08-07,1150,2039,402,3,3220.71,5.2,Evening
2012,2024-09-13,1110,2054,401,0,1004.74,5.2,Evening
2013,2024-12-11,1122,2013,402,2,3669.22,5.2,Evening
2014,2024-12-13,1133,2041,402,3,4720.47,5.2,Evening
2015,2025-03-11,1192,2085,404,3,1826.14,5.2,Evening
2016,2024-10-26,1125,2070,403,1,113.87,5.2,Evening
2017,2025-04-05,1116,2039,404,0,1846.58,5.2,Evening
2018,2024-12-13,1115,2059,401,2,562.25,5.2,Morning
2019,2024-10-11,1020,2026,404,1,812.88,5.2,Morning
2020,2024-12-08,1071,2026,403,0,1177.34,5.2,Morning
2021,2024-12-28,1137,2054,401,0,3277.38,5.2,Morning
2022,2025-05-03,1184,2021,401,0,338.22,5.2,Morning
2023,2025-04-12,1149,2054,401,2,2923.07,5.2,Morning
2024,2024-06-09,1191,2054,402,3,3849.86,5.2,Morning
2025,2024-07-21,1066,2097,402,3,3408.43,5.2,Morning
2026,2024-10-05,1005,2013,403,0,3727.3,5.2,Morning
2027,2024-06-19,1034,2091,402,2,4077.84,5.2,Morning
2028,2024-12-10,1005,2091,401,2,3198.13,5.2,Morning
2029,2024-12-19,1071,2007,401,2,1954.32,5.2,Morning
2030,2025-04-05,1093,2037,404,0,1728.51,5.2,Morning
2031,2025-03-28,1032,2045,403,0,615.85,5.2,Morning
2032,2024-11-02,1010,2065,402,1,1717.76,5.2,Morning
2033,2024-12-13,1196,2052,401,1,1066.42,5.1,Morning
2034,2024-10-29,1017,2087,404,,1265.73,5.1,Evening
2035,2025-02-05,1082,2026,403,2,567.92,5.1,Evening
2036,2025-05-23,1009,2097,401,1,1142.19,5.1,Evening
2037,2024-11-10,1130,2033,403,3,1522.21,5.1,Evening
2038,2024-09-03,1054,2073,404,0,834.16,5.1,Evening
2039,2025-02-04,1168,2080,401,1,1538.89,5.1,Evening
2040,2024-09-21,1116,2040,403,1,117.37,5.1,Evening
2041,2024-12-12,1034,2015,404,1,1937.28,5.1,Evening
2042,2025-03-22,1030,2096,404,2,1543.05,5.1,Evening
2043,2024-06-15,1053,2097,401,1,2494.34,5.1,Evening
2044,2025-02-28,1056,2027,404,3,1667.33,5.1,Evening
2045,2024-07-11,1154,2019,403,3,1338.3,5.1,Evening
2046,2024-07-24,1020,2005,403,,1731.6,5.1,Evening
2047,2024-09-04,1034,2045,404,0,595.02,5.1,Evening
2048,2024-06-08,1126,2090,403,1,773.9,5.2,Evening
2049,2025-03-13,1164,2039,404,2,3354.31,5.2,Evening
2050,2024-07-31,1139,2003,404,3,1737.82,5.2,Evening
2051,2024-12-20,1116,2063,403,1,566.78,5.2,Evening
2052,2025-04-23,1054,2019,401,0,1874.65,5.2,Evening
2053,2024-12-09,1005,2091,401,3,3437.59,5.2,Evening
2054,2024-06-24,1199,2039,403,1,4111.64,5.2,Evening
2055,2025-02-15,1089,2097,401,,3222.12,5.2,Evening
2056,2024-06-14,1071,2039,401,,3269.01,5.2,Evening
2057,2024-07-08,1008,2021,402,1,792.32,5.2,Evening
2058,2024-06-18,1019,2063,402,0,545.08,5.2,Evening
2059,2025-04-16,1071,2014,404,1,1985.98,5.2,Evening
2060,2024-06-29,1116,2035,404,,4212.74,5.2,Evening
2061,2025-03-05,1033,2023,401,0,1314.88,5.2,Evening
2062,2025-05-01,1021,2013,403,3,2635.07,5.2,Evening
2063,2024-08-14,1053,2053,403,1,967.13,5.2,Evening
2064,2024-07-04,1076,2003,402,2,750.23,5.2,Evening
2065,2024-12-13,1034,2019,401,0,2434.4,5.2,Afternoon
2066,2025-04-19,1179,2039,404,3,4587.35,5.2,Afternoon
2067,2024-12-06,1054,2007,401,2,554.69,5.2,Afternoon
2068,2024-12-06,1066,2014,401,1,636.51,5.2,Afternoon
2069,2024-06-22,1185,2098,402,1,1581.57,5.2,Afternoon
2070,2025-05-24,1068,2034,404,0,278.67,5.2,Afternoon
2071,2024-12-20,1081,2023,402,0,4990.42,5.2,Afternoon
2072,2024-08-22,1175,2018,401,2,?,5.2,Afternoon
2073,2024-08-25,1034,2097,404,2,4973.29,5.7,Afternoon
2074,2024-11-20,1156,2097,401,0,511.93,5.7,Afternoon
2075,2024-12-21,1023,2096,402,1,443.01,5.7,Afternoon
2076,2024-11-21,1172,2098,404,0,1106.47,5.7,Afternoon
2077,2025-02-21,1021,2070,404,2,15.69,5.7,Afternoon
2078,2024-06-10,1150,2087,402,0,1459.87,5.7,Afternoon
2079,2024-09-08,1024,2010,403,2,692.97,5.7,Afternoon
2080,2024-07-29,1079,2013,402,0,1415.54,5.7,Afternoon
2081,2025-03-06,1105,2054,404,2,4507.57,5.7,Afternoon
2082,2024-09-20,1113,2013,401,,4465.56,5.7,Afternoon
2083,2025-02-15,1180,2011,402,1,1213.1,5.7,Afternoon
2084,2025-03-07,1038,2050,402,,1780.12,5.7,Afternoon
2085,2024-12-02,1034,2045,402,1,483.42,5.2,Afternoon
2086,2025-05-31,1020,2039,401,1,1994.07,5.2,Afternoon
2087,2024-12-14,1017,2080,403,0,1739.24,5.2,Afternoon
2088,2024-11-04,1015,2022,402,,95.89,5.7,Afternoon
2089,2024-07-06,1133,2019,401,1,4568.36,5.7,Afternoon
2090,2024-12-19,1160,2044,401,2,1444.89,5.7,Afternoon
2091,2024-06-06,1111,2028,403,0,645.65,5.7,Afternoon
2092,2024-08-13,1032,2028,403,0,221.82,5.7,Afternoon
2093,2024-09-06,1184,2080,402,2,340.36,5.7,Afternoon
2094,2024-09-05,1107,2079,402,2,3872.54,5.7,Afternoon
2095,2024-07-23,1046,2000,404,3,1867.17,5.7,Afternoon
2096,2025-03-14,1033,2019,404,3,2488.99,5.7,Afternoon
2097,2025-04-11,1159,2091,401,0,2127.23,5.7,Afternoon
2098,2024-06-15,1027,2038,404,1,660.75,5.2,Afternoon
2099,2024-09-20,1034,2046,404,0,57.08,5.2,Afternoon
2100,2025-01-08,1154,2045,402,1,829.36,5.5,Afternoon
2101,2025-02-02,1164,2098,401,3,1116.07,5.5,Afternoon
2102,2024-07-05,1071,2079,402,2,4050.3,5.5,Afternoon
2103,2024-12-03,1045,2067,403,3,1986.49,5.5,Afternoon
2104,2024-11-07,1004,2009,401,1,124.12,5.5,Afternoon
2105,2024-10-26,1020,2023,402,0,729.31,5.5,Afternoon
2106,2024-12-28,1108,2035,404,3,763.04,5.5,Afternoon
2107,2024-08-07,1051,2091,401,2,559.43,5.5,Afternoon
2108,2024-09-29,1029,2091,401,3,2996.49,5.5,Afternoon
2109,2024-06-20,1161,2019,403,0,1662.67,5.3,Afternoon
2110,2024-12-21,1162,2067,403,0,200.23,5.33,Afternoon
2111,2025-05-17,1086,2090,401,,1138.32,5.3,Afternoon
2112,2025-01-26,1133,2060,402,0,962.5,5.3,Afternoon
2113,2025-05-13,1034,2065,401,3,351.53,5.3,Afternoon
2114,2025-04-25,1194,2049,403,0,996.07,5.3,Afternoon
2115,2025-04-04,1005,2013,401,2,3531.81,5.3,Afternoon
2116,2025-02-14,1090,2064,401,,1354.8,5.3,Afternoon
2117,2024-09-27,1034,2079,402,0,671.23,5.3,Afternoon
2118,2025-05-30,1195,2045,404,3,1611.65,5.3,Morning
2119,2025-01-30,1111,2015,402,2,1882.23,5.3,Morning
2120,2025-05-12,1034,2052,403,3,986.67,5.3,Morning
2121,2024-06-05,1034,2083,403,1,463.17,5.4,Morning
2122,2025-02-28,1071,2036,403,1,637.78,5.4,Morning
2123,2024-07-15,1019,2040,402,,137.62,5.4,Morning
2124,2024-10-29,1195,2070,404,3,44.31,5.4,Morning
2125,2025-01-23,1084,2097,401,2,1033.21,5.4,Morning
2126,2025-03-05,1107,2023,404,3,1050.26,5.4,Morning
2127,2024-11-25,1082,2014,402,0,1819.83,5.4,Morning
2128,2024-10-11,1071,2097,404,2,1196.44,5.4,Morning
2129,2025-04-10,1195,2076,404,3,626.49,5.6,Morning
2130,2024-09-27,1094,2054,404,0,2486.94,5.6,Morning
2131,2024-06-13,1032,2079,403,3,3385.48,5.6,Morning
2132,2024-09-03,1015,2091,403,1,3993.43,5.6,Morning
2133,2025-04-22,1018,2064,403,1,365.9,5.6,Morning
2134,2024-08-10,1192,2067,404,3,1056.58,5.6,Morning
2135,2024-09-30,1005,2017,401,3,330.44,5.8,Evening
2136,2025-05-13,1180,2054,402,3,3612.33,5.8,Evening
2137,2024-10-22,1005,2060,401,0,1058.17,5.8,Evening
2138,2025-05-09,1151,2022,401,2,556.43,5.8,Evening
2139,2024-10-18,1116,2073,404,2,926.28,5.8,Evening
2140,2025-05-15,1080,2054,404,3,4468.26,5.8,Evening
2141,2024-12-03,1065,2019,401,2,1314.17,5.8,Evening
2142,2024-08-26,1033,2026,402,,1890.2,5.9,Evening
2143,2024-08-01,1066,2047,404,0,257.89,5.9,Evening
2144,2024-08-08,1040,2069,403,2,838.09,5.7,Evening
2145,2024-12-15,1116,2054,401,1,4543.2,5.9,Evening
2146,2025-02-28,1145,2001,401,2,825.17,5.7,Evening
2147,2024-12-01,1005,2009,404,0,122.87,5.7,Evening
2148,2024-07-05,1114,2005,403,0,436.65,5.7,Evening
2149,2024-08-16,1046,2041,404,0,2482.56,5.7,Evening
2150,2024-12-18,1110,2071,401,0,1524.65,5.7,Evening
2151,2024-10-10,1089,2078,403,1,488.49,5.7,Evening
2152,2024-11-22,1032,2019,402,0,1499.94,5.7,Evening
2153,2025-01-15,1197,2054,401,3,2536.53,5.7,Evening
2154,2025-01-11,1116,2070,403,1,47.07,5.7,Evening
2155,2025-02-28,1005,2000,404,0,1015.57,5.7,Evening
2156,2024-10-24,1005,2097,401,0,4290.82,5.7,Evening
2157,2024-08-10,1116,2047,403,1,595.01,5.7,Evening
2158,2024-12-13,1149,2023,403,1,529.52,5.7,Evening
2159,2024-08-09,1010,2054,403,0,4481.31,5.7,Evening
2160,2024-09-01,1084,2087,401,3,1635.66,5.7,Evening
2161,2025-03-23,1053,2096,402,1,530.27,5.7,Evening
2162,2025-05-03,1033,2097,401,1,4242.44,5.7,Evening
2163,2025-03-15,1023,2039,401,2,2267.7,5.7,Evening
2164,2025-04-30,1157,2013,401,3,838.64,5.7,Evening
2165,2024-11-22,1071,2013,404,2,3048.61,5.7,Evening
2166,2025-04-27,1025,2023,404,1,2175.7,5.7,Evening
2167,2025-02-16,1005,2035,404,3,962.99,5.7,Evening
2168,2025-04-29,1158,2057,402,,358.76,5.7,Evening
2169,2025-02-25,1068,2029,403,,24.83,5.7,Evening
2170,2024-10-19,1089,2040,401,1,99.58,5.3,Evening
2171,2024-09-30,1012,2056,404,3,558.81,5.3,Evening
2172,2024-12-28,1020,2019,401,1,1644.68,5.3,Evening
2173,2025-03-20,1138,2075,402,0,1108.33,5.3,Evening
2174,2024-11-30,1162,2073,402,1,1198.38,5.3,Evening
2175,2025-05-27,1024,2079,401,3,3494.8,5.3,Evening
2176,2025-05-17,1133,2070,403,1,85.81,5.3,Evening
2177,2025-05-23,1111,2061,402,1,1040.435,5.3,Evening
2178,2024-11-04,1116,2027,403,0,813.99,5.3,Evening
2179,2024-12-16,1089,2019,402,3,4473.15,5.3,Evening
2180,2024-09-30,1005,2041,402,0,1262.87,5.3,Evening
2181,2024-08-07,1022,2039,402,0,3448.06,5.3,Evening
2182,2024-11-03,1113,2079,404,,4513.35,5.3,Evening
2183,2025-03-31,1089,2023,401,2,584.43,5.3,Evening
2184,2024-09-04,1066,2031,403,1,630.86,5.3,Evening
2185,2024-11-23,1071,2000,401,0,329.95,5.3,Evening
2186,2024-11-29,1005,2019,404,0,2461.67,5.3,Afternoon
2187,2024-07-25,1181,2045,401,,952.91,5.2,Afternoon
2188,2024-08-22,1113,2084,402,0,1741.33,5.2,Afternoon
2189,2024-08-22,1003,2079,403,0,1848.52,5.2,Afternoon
2190,2025-05-10,1099,2040,401,1,74.95,5.2,Afternoon
2191,2025-01-18,1092,2053,401,1,1228.59,5.2,Afternoon
2192,2024-08-14,1071,2008,404,2,1123.43,5.2,Afternoon
2193,2024-06-08,1032,2072,402,1,378.97,5.2,Afternoon
2194,2024-12-17,1068,2009,404,2,119.33,5.2,Afternoon
2195,2025-03-19,1099,2057,401,2,770.96,5.2,Afternoon
2196,2024-09-01,1035,2072,401,3,1055.65,5.2,Afternoon
2197,2025-02-22,1167,2013,403,2,1908.29,5.2,Afternoon
2198,2025-02-25,1023,2035,402,0,646.26,5.2,Afternoon
2199,2025-03-13,1019,2079,401,3,1821.2,5.2,Afternoon
2200,2024-11-21,1133,2035,404,,870.59,5.2,Afternoon
2201,2025-03-01,1089,2032,404,1,806.01,5.3,Afternoon
2202,2024-09-05,1017,2038,401,0,340.85,5.3,Afternoon
2203,2024-11-26,1147,2001,403,3,1683.37,5.4,Afternoon
2204,2024-11-01,1060,2096,404,,494.39,5.4,Afternoon
2205,2024-09-10,1108,2031,402,,908.06,5.4,Afternoon
2206,2024-08-26,1120,2015,402,1,1781.31,5.4,Evening
2207,2024-11-26,1071,2078,401,3,1038.78,5.4,Evening
2208,2024-10-11,1084,2005,404,1,448.48,5.4,Evening
2209,2025-01-28,1032,2003,403,2,1695.49,5.4,Evening
2210,2025-01-08,1035,2088,404,,1144.02,5.4,Evening
2211,2025-03-07,1139,2087,404,,414.3,5.4,Evening
2212,2024-06-27,1116,2086,401,1,1042.49,5.4,Evening
2213,2024-12-30,1145,2020,404,1,679.57,5.4,Evening
2214,2025-04-20,1071,2058,401,2,384.65,5.4,Evening
2215,2024-12-23,1071,2075,402,0,512.94,5.1,Evening
2216,2024-10-10,1163,2002,401,3,1988.07,5.1,Evening
2217,2024-12-26,1089,2056,402,,1234.15,5.1,Evening
2218,2024-08-07,1059,2065,403,1,1409.88,5.1,Evening
2219,2025-03-14,1189,2097,401,0,2196.07,5.1,Evening
2220,2025-01-10,1173,2097,401,2,3114.13,5.1,Evening
2221,2025-02-16,1066,2029,404,0,141.17,5.1,Afternoon
2222,2025-05-24,1076,2013,402,,641.5,5.1,Afternoon
2223,2025-01-10,1016,2051,402,3,1320.0,5.2,Afternoon
2224,2025-03-08,1134,2009,401,2,35.74,5.2,Afternoon
2225,2025-01-12,1022,2097,401,0,4480.51,5.2,Evening
2226,2024-11-01,1032,2016,401,1,518.21,5.2,Evening
2227,2024-07-20,1116,2053,402,2,475.77,5.2,Evening
2228,2025-03-21,1166,2041,403,3,865.5,5.2,Afternoon
2229,2024-06-06,1169,2018,403,2,1213.51,5.2,Afternoon
2230,2024-12-23,1039,2058,403,1,569.21,5.2,Afternoon
2231,2024-11-19,1180,2039,404,3,?,5.2,Afternoon
2232,2025-05-03,1096,2040,401,1,69.49,5.2,Afternoon
2233,2024-12-03,1032,2099,403,1,1662.78,5.2,Afternoon
2234,2024-09-20,1130,2015,403,3,535.1,5.2,Afternoon
2235,2024-10-26,1102,2025,402,0,1623.25,5.2,Afternoon
2236,2024-12-27,1135,2074,401,2,994.97,5.2,Afternoon
2237,2025-05-01,1044,2013,403,3,4825.61,5.2,Afternoon
2238,2024-12-18,1005,2009,404,3,134.96,5.2,Afternoon
2239,2024-10-29,1153,2019,402,3,2299.18,5.2,Afternoon
2240,2024-12-06,1115,2047,404,,546.87,5.2,Afternoon
2241,2024-08-10,1064,2031,401,1,1219.01,6.1,Afternoon
2242,2024-08-03,1034,2019,403,3,1160.57,6.1,Afternoon
2243,2024-12-30,1017,2039,402,2,3038.1,6.1,Afternoon
2244,2024-08-30,1071,2073,404,3,1203.3,6.1,Afternoon
2245,2024-12-13,1171,2020,402,0,1940.76,6.1,Afternoon
2246,2025-01-13,1116,2035,401,3,2426.48,6.1,Afternoon
2247,2025-05-11,1020,2079,404,0,4357.88,6.1,Afternoon
2248,2024-11-06,1034,2054,402,0,2338.21,6.1,Afternoon
2249,2024-07-13,1146,2046,402,2,10.94,6.1,Afternoon
2250,2024-09-10,1125,2023,403,0,2669.73,6.3,Afternoon
2251,2024-12-31,1024,2091,404,1,4957.61,6.3,Afternoon
2252,2024-10-18,1066,2097,402,1,4249.97,6.3,Afternoon
2253,2025-02-26,1184,2035,404,3,1842.21,6.3,Afternoon
2254,2024-08-16,1079,2091,403,0,2720.22,6.3,Afternoon
2255,2024-06-12,1136,2016,402,0,1775.47,6.3,Afternoon
2256,2025-02-02,1082,2039,401,0,3596.28,6.3,Afternoon
2257,2025-04-10,1022,2030,402,2,735.77,6.3,Afternoon
2258,2024-08-19,1154,2071,403,2,1496.88,6.3,Afternoon
2259,2025-02-20,1082,2057,403,3,535.31,6.3,Afternoon
2260,2025-01-22,1012,2060,401,,529.37,6.3,Afternoon
2261,2025-03-31,1020,2040,401,0,44.81,6.3,Afternoon
2262,2025-05-05,1038,2097,401,3,1221.43,6.2,Afternoon
2263,2025-05-10,1061,2069,404,2,1402.08,6.2,Evening
2264,2024-06-09,1138,2079,403,2,4555.83,6.2,Evening
2265,2024-09-23,1153,2035,402,3,749.72,6.2,Evening
2266,2024-08-17,1076,2013,401,3,2775.15,6.2,Evening
2267,2025-05-20,1010,2005,401,0,1459.63,6.2,Evening
2268,2025-02-03,1072,2010,401,1,788.22,6.2,Evening
2269,2024-07-11,1141,2009,403,3,102.14,6.2,Evening
2270,2024-07-17,1008,2091,402,2,4572.43,6.2,Evening
2271,2025-01-27,1069,2035,403,0,3555.03,6.2,Afternoon
2272,2025-01-28,1071,2019,403,0,3075.33,6.2,Afternoon
2273,2025-02-20,1107,2062,404,1,400.61,6.1,Afternoon
2274,2024-10-10,1096,2046,402,1,20.31,6.1,Afternoon
2275,2024-12-11,1089,2071,404,,1058.03,6.1,Afternoon
2276,2024-06-21,1013,2005,404,3,773.38,6.2,Afternoon
2277,2024-07-25,1164,2079,403,0,1473.6,6.1,Afternoon
2278,2024-06-20,1116,2035,401,1,1680.32,6.2,Afternoon
2279,2024-08-05,1032,2072,404,2,268.62,6.2,Afternoon
2280,2025-01-14,1005,2039,404,,2585.61,6.2,Afternoon
2281,2025-05-03,1075,2032,403,1,607.37,6.2,Afternoon
2282,2024-12-16,1177,2054,402,0,3337.8,6.2,Afternoon
2283,2024-07-20,1099,2040,402,2,65.74,6.3,Afternoon
2284,2024-11-07,1152,2047,402,3,1413.85,5.3,Afternoon
2285,2024-10-30,1005,2079,402,3,547.18,5.3,Afternoon
2286,2024-11-19,1193,2051,401,2,172.63,5.3,Afternoon
2287,2024-12-04,1089,2087,401,,1465.38,5.3,Afternoon
2288,2025-05-15,1024,2009,403,0,35.09,5.3,Afternoon
2289,2024-10-01,1089,2070,403,,46.99,5.4,Afternoon
2290,2025-02-27,1089,2059,401,3,1870.47,5.4,Afternoon
2291,2024-07-05,1134,2068,404,2,839.0,5.4,Afternoon
2292,2024-08-28,1031,2024,403,3,1357.58,5.,Afternoon
2293,2024-11-22,1001,2059,401,1,1403.43,5.4,Afternoon
2294,2025-04-07,1022,2031,401,0,369.69,5.4,Afternoon
2295,2024-12-27,1061,2023,404,1,4992.31,5.4,Afternoon
2296,2024-11-06,1047,2017,403,1,1872.8,5.4,Afternoon
2297,2025-04-25,1158,2083,402,3,511.68,5.4,Afternoon
2298,2025-05-09,1089,2005,402,1,233.15,5.4,Afternoon
2299,2025-02-01,1005,2029,402,2,144.61,5.4,Afternoon
2300,2024-12-01,1116,2001,404,2,690.1,5.4,Afternoon
2301,2024-09-18,1099,2091,403,0,4817.29,5.4,Evening
2302,2024-07-22,1005,2031,402,1,893.37,5.4,Afternoon
2303,2025-01-03,1032,2059,404,0,1465.65,5.7,Evening
2304,2025-02-07,1005,2038,404,,56.73,5.7,Evening
2305,2024-12-17,1005,2042,403,2,610.94,5.7,Evening
2306,2025-02-19,1032,2038,401,3,1367.03,5.7,Evening
2307,2025-04-15,1194,2021,404,1,1855.71,5.7,Evening
2308,2025-04-05,1040,2013,402,1,3480.62,5.7,Evening
2309,2024-10-21,1103,2033,404,2,571.17,5.7,Evening
2310,2024-12-26,1053,2035,404,2,3191.71,5.7,Evening
2311,2024-07-04,1180,2004,403,0,1214.57,5.7,Evening
2312,2025-03-21,1005,2055,403,1,1951.95,5.7,Evening
2313,2024-09-14,1033,2097,401,0,1797.42,5.7,Evening
2314,2025-05-09,1034,2019,402,3,4944.7,5.7,Evening
2315,2025-04-18,1071,2067,403,2,1784.53,5.7,Evening
2316,2025-01-08,1183,2064,404,,1027.31,5.8,Evening
2317,2024-07-29,1052,2082,404,,1946.44,5.8,Evening
2318,2024-09-27,1012,2009,402,2,61.81,5.8,Evening
2319,2024-10-03,1147,2034,404,,1054.86,5.8,Evening
2320,2025-01-31,1145,2049,402,1,1719.82,5.8,Evening
2321,2025-04-11,1051,2015,401,0,324.38,5.7,Evening
2322,2024-07-06,1001,2054,403,3,2328.58,5.7,Evening
2323,2024-09-21,1133,2041,403,2,2084.29,5.7,Evening
2324,2025-05-29,1032,2000,401,,708.28,5.7,Evening
2325,2025-03-15,1135,2037,401,3,547.94,5.7,Evening
2326,2024-07-15,1020,2033,401,3,59.63,5.7,Evening
2327,2025-03-21,1051,2068,404,,1681.17,5.7,Evening
2328,2025-03-28,1186,2013,402,0,1842.35,5.7,Evening
2329,2025-05-10,1071,2052,401,2,1104.09,5.7,Evening
2330,2025-02-22,1020,2027,403,0,894.85,5.7,Evening
2331,2024-06-29,1152,2073,404,2,348.07,5.6,Evening
2332,2024-09-18,1005,2067,401,0,740.18,5.6,Evening
2333,2025-03-08,1125,2097,401,3,4790.03,5.6,Evening
2334,2024-12-20,1086,2080,401,3,?,5.7,Evening
2335,2025-02-14,1037,2005,402,2,1220.91,5.6,Evening
2336,2025-03-06,1071,2002,404,2,493.35,5.6,Evening
2337,2024-12-18,1117,2068,404,2,271.67,5.6,Evening
2338,2024-10-04,1108,2087,402,1,674.0,5.6,Evening
2339,2025-01-10,1178,2035,401,1,3949.04,5.6,Evening
2340,2024-08-09,1007,2046,404,2,68.8,5.6,Evening
2341,2024-11-28,1053,2091,402,3,4295.41,5.6,Evening
2342,2024-08-28,1174,2019,401,1,1160.07,5.6,Evening
2343,2024-10-31,1087,2053,401,1,947.33,5.6,Evening
2344,2024-07-31,1030,2064,401,1,1374.65,5.9,Evening
2345,2024-12-20,1005,2040,404,,49.28,5.9,Evening
2346,2024-11-23,1082,2009,404,2,93.07,5.9,Evening
2347,2024-07-04,1139,2087,401,1,179.3,5.9,Evening
2348,2024-12-22,1154,2039,403,3,4220.48,5.9,Morning
2349,2024-08-26,1131,2026,401,0,827.26,5.9,Morning
2350,2024-08-02,1174,2019,401,2,2962.32,5.9,Morning
2351,2025-03-22,1005,2097,401,1,619.49,5.9,Morning
2352,2025-03-30,1005,2097,401,0,1093.8,5.9,Morning
2353,2024-11-28,1116,2077,402,3,1234.57,5.9,Morning
2354,2024-11-20,1089,2091,403,3,4023.23,5.9,Morning
2355,2025-04-13,1048,2046,401,3,24.22,5.8,Morning
2356,2024-08-10,1055,2054,403,2,4572.81,5.8,Morning
2357,2024-10-21,1134,2077,402,2,656.8,5.8,Morning
2358,2025-05-25,1026,2039,401,3,3431.3,5.8,Morning
2359,2025-02-07,1058,2041,401,3,3325.03,5.8,Morning
2360,2024-11-02,1136,2095,401,3,928.15,5.8,Morning
2361,2024-11-18,1116,2041,403,2,4893.47,5.8,Morning
2362,2024-12-20,1194,2098,404,3,1638.09,5.8,Morning
2363,2024-06-29,1116,2061,402,1,742.38,5.8,Morning
2364,2025-05-13,1180,2076,402,1,817.33,5.8,Morning
2365,2024-12-17,1181,2039,401,2,3478.5,5.8,Morning
2366,2025-01-10,1058,2041,401,2,2061.32,5.7,Morning
2367,2025-02-23,1149,2049,401,1,1599.68,5.7,Morning
2368,2025-04-07,1099,2019,403,2,3426.36,5.7,Morning
2369,2025-05-04,1189,2078,401,3,?,5.7,Morning
2370,2024-06-07,1116,2019,404,0,4742.56,5.7,Morning
2371,2025-04-24,1020,2085,404,0,547.53,5.7,Morning
2372,2024-12-18,1115,2023,402,2,4986.14,5.7,Morning
2373,2025-05-22,1007,2054,403,0,3406.14,5.5,Morning
2374,2024-11-01,1029,2024,404,3,1505.2,5.5,Morning
2375,2025-05-29,1019,2054,404,2,4775.58,5.5,Morning
2376,2024-06-14,1032,2035,403,0,4948.55,5.5,Morning
2377,2025-02-18,1141,2079,404,0,4389.1,5.5,Evening
2378,2024-12-29,1162,2046,401,0,39.58,5.5,Evening
2379,2025-03-11,1117,2046,403,2,123.26,5.5,Evening
2380,2025-03-25,1005,2023,404,2,3392.81,5.5,Evening
2381,2025-04-25,1091,2020,402,3,1767.56,5.5,Evening
2382,2025-03-25,1011,2097,403,,4107.12,5.5,Evening
2383,2024-10-16,1053,2034,403,2,828.69,5.5,Evening
2384,2024-07-29,1137,2013,403,1,797.47,5.5,Evening
2385,2025-05-06,1187,2010,403,2,436.05,5.5,Evening
2386,2024-10-21,1032,2059,403,1,65.75,5.4,Evening
2387,2024-06-07,1062,2083,404,1,1080.26,5.4,Evening
2388,2024-10-27,1066,2068,404,0,1185.48,5.4,Evening
2389,2024-10-10,1064,2091,404,0,566.52,5.4,Evening
2390,2025-03-20,1032,2039,404,2,1079.93,5.4,Evening
2391,2025-03-05,1104,2083,401,3,1330.26,5.4,Evening
2392,2024-09-08,1018,2033,402,1,114.82,5.4,Evening
2393,2024-08-16,1005,2082,403,0,1835.25,5.4,Evening
2394,2024-07-27,1024,2023,401,3,1917.67,5.4,Evening
2395,2024-09-13,1144,2019,404,1,3830.85,5.4,Evening
2396,2024-07-29,1116,2013,403,1,1292.45,5.4,Evening
2397,2024-10-26,1034,2039,401,0,1652.12,5.4,Evening
2398,2024-10-03,1066,2023,403,3,1025.35,5.4,Afternoon
2399,2024-08-28,1020,2046,403,1,80.08,5.3,Afternoon
2400,2024-09-29,1156,2000,402,3,571.86,5.2,Afternoon
